PassengerId,HomePlanet,CryoSleep,Destination,Age,VIP,RoomService,FoodCourt,ShoppingMall,Spa,VRDeck,Name,Transported,Deck,Cabin_num,Side
5647_01,Europa,True,TRAPPIST-1e,35.0,False,0.0,,0.0,0.0,,Dyonevi Matoltuble,True,C,178.0,P
4061_02,Mars,True,TRAPPIST-1e,0.0,False,0.0,0.0,0.0,0.0,0.0,Graw Kashe,True,F,766.0,S
0691_03,Mars,True,TRAPPIST-1e,23.0,False,0.0,0.0,0.0,0.0,0.0,Moss Potte,True,E,49.0,S
1094_01,Earth,False,TRAPPIST-1e,60.0,,437.0,2.0,0.0,0.0,365.0,Carona Webstenson,False,F,224.0,P
6394_01,Earth,True,TRAPPIST-1e,41.0,False,0.0,0.0,0.0,0.0,0.0,Pattie Lambleyoun,True,G,1037.0,S
2059_01,Earth,False,TRAPPIST-1e,55.0,False,2.0,0.0,0.0,0.0,907.0,Ellena Moodmandez,True,G,333.0,P
6285_01,Europa,,55 Cancri e,64.0,False,0.0,0.0,0.0,0.0,0.0,Winonon Whealeed,True,B,245.0,S
5146_01,Earth,False,55 Cancri e,26.0,False,7.0,751.0,0.0,38.0,0.0,Maura Cainghannon,True,F,986.0,S
6744_03,Mars,False,55 Cancri e,16.0,False,1337.0,0.0,2614.0,0.0,0.0,Crick Nan,False,D,212.0,P
1685_03,Earth,True,TRAPPIST-1e,3.0,False,0.0,0.0,0.0,0.0,0.0,Camina Dillestron,True,G,272.0,P
2300_02,Europa,False,55 Cancri e,34.0,False,0.0,22.0,,3028.0,3768.0,Arid Alcemblery,False,C,81.0,P
6630_01,Earth,False,TRAPPIST-1e,19.0,False,0.0,1044.0,0.0,2.0,4.0,Valex Singlents,True,F,1270.0,S
5303_03,Earth,False,TRAPPIST-1e,3.0,False,0.0,0.0,0.0,0.0,0.0,Jimmyn Lambleyoun,True,G,857.0,P
0527_01,Mars,False,55 Cancri e,,False,1172.0,11.0,3.0,0.0,4.0,Supce Stité,False,F,93.0,S
4482_05,Earth,True,TRAPPIST-1e,3.0,False,0.0,0.0,0.0,0.0,0.0,Allia Bartines,True,G,732.0,S
6853_01,Europa,False,55 Cancri e,31.0,False,0.0,1604.0,4058.0,4094.0,124.0,Menkaa Cathome,False,C,218.0,P
6671_01,Mars,True,TRAPPIST-1e,35.0,False,0.0,0.0,,0.0,0.0,Docks Mare,True,F,1279.0,S
4031_02,Europa,True,TRAPPIST-1e,27.0,False,0.0,0.0,0.0,0.0,0.0,Krabik Listive,True,C,131.0,P
0456_01,Earth,False,TRAPPIST-1e,55.0,False,210.0,185.0,188.0,59.0,73.0,Lulah Hinetthews,False,F,83.0,S
2606_02,Earth,False,TRAPPIST-1e,45.0,False,10.0,16.0,801.0,73.0,,Claura Dawsoncis,False,F,537.0,P
0474_01,Earth,True,55 Cancri e,15.0,False,0.0,0.0,0.0,0.0,0.0,Nicey Chardst,True,G,69.0,S
1715_01,Earth,True,TRAPPIST-1e,17.0,False,0.0,0.0,0.0,0.0,0.0,Camily Mirandry,False,G,266.0,S
2449_03,Mars,True,TRAPPIST-1e,7.0,False,0.0,0.0,0.0,0.0,0.0,Moss Nacke,True,F,508.0,P
3706_01,Mars,False,TRAPPIST-1e,16.0,False,424.0,0.0,246.0,370.0,0.0,Nilly Kidie,False,F,770.0,P
5303_04,Earth,True,TRAPPIST-1e,2.0,False,0.0,0.0,0.0,0.0,0.0,Yvonna Lambleyoun,True,G,857.0,P
0128_01,Mars,False,TRAPPIST-1e,61.0,True,2353.0,334.0,9.0,316.0,2.0,Grohs Fles,False,D,3.0,S
1026_01,Earth,True,TRAPPIST-1e,21.0,False,,0.0,0.0,0.0,0.0,Lilace Leetersoney,False,G,159.0,S
2890_01,Europa,False,TRAPPIST-1e,44.0,False,0.0,351.0,0.0,3.0,3447.0,Jabbab Cattyried,False,B,89.0,P
3026_01,Earth,True,TRAPPIST-1e,22.0,False,0.0,0.0,0.0,0.0,0.0,Artis Gambs,False,G,492.0,P
0201_01,Europa,True,TRAPPIST-1e,35.0,False,0.0,0.0,0.0,0.0,0.0,Kaffias Bacistion,True,B,3.0,S
4944_01,Europa,False,55 Cancri e,,False,269.0,2171.0,2.0,2.0,0.0,Hadirah Ainserfle,True,A,60.0,S
5969_03,Earth,False,TRAPPIST-1e,2.0,False,0.0,0.0,0.0,0.0,0.0,Vine Reenez,True,G,972.0,S
6635_02,Europa,False,55 Cancri e,45.0,False,0.0,313.0,1791.0,414.0,1675.0,Nusakab Entratable,False,C,209.0,P
2858_02,Europa,True,TRAPPIST-1e,16.0,False,0.0,0.0,0.0,0.0,0.0,Mesatik Fictful,True,C,109.0,S
2901_02,Earth,False,PSO J318.5-22,24.0,False,,2.0,25.0,,707.0,Loisey Vandez,True,F,601.0,P
6412_01,Earth,False,TRAPPIST-1e,30.0,False,59.0,0.0,0.0,0.0,1611.0,Analdy Farmonrada,False,E,407.0,P
5661_01,Earth,False,PSO J318.5-22,43.0,False,635.0,53.0,0.0,3.0,0.0,Elany Ellahan,True,E,355.0,P
1865_02,Earth,False,TRAPPIST-1e,1.0,False,0.0,0.0,0.0,0.0,0.0,Dandra Roses,False,G,292.0,S
6908_01,Europa,False,TRAPPIST-1e,60.0,False,0.0,960.0,46.0,854.0,17074.0,Sheleon Swinvul,False,C,254.0,S
6122_01,Earth,False,55 Cancri e,36.0,False,0.0,0.0,700.0,0.0,0.0,Thelix Burnewman,True,F,1267.0,P
1671_01,Europa,False,55 Cancri e,,False,0.0,859.0,0.0,6704.0,64.0,Muonan Mosteraked,False,B,73.0,S
3218_02,Earth,False,55 Cancri e,58.0,False,52.0,0.0,5.0,517.0,0.0,Lonna Bardinard,False,F,606.0,S
6595_01,Earth,False,TRAPPIST-1e,35.0,False,102.0,780.0,6.0,0.0,0.0,Tyle Simstravery,True,G,1074.0,S
6570_01,Earth,False,TRAPPIST-1e,27.0,False,0.0,0.0,0.0,908.0,0.0,Shard Brightez,False,G,1068.0,S
1827_01,Earth,False,55 Cancri e,24.0,False,0.0,94.0,1.0,56.0,427.0,Chrisa Norrison,False,F,352.0,S
1521_01,Mars,True,TRAPPIST-1e,28.0,False,0.0,0.0,0.0,0.0,0.0,Repart Flité,True,F,295.0,S
1796_01,Europa,True,TRAPPIST-1e,26.0,,0.0,0.0,0.0,0.0,0.0,Alcyon Hariourcal,True,C,67.0,S
3511_01,Mars,False,55 Cancri e,22.0,False,124.0,0.0,1763.0,0.0,1014.0,Basps Horte,False,F,661.0,S
1316_01,Europa,True,TRAPPIST-1e,28.0,False,0.0,0.0,0.0,0.0,0.0,Sadrus Quelfly,True,E,95.0,S
6363_06,Earth,True,TRAPPIST-1e,47.0,False,0.0,0.0,0.0,0.0,0.0,Cary Gouldensen,False,G,1026.0,P
0753_02,Europa,False,55 Cancri e,65.0,False,19.0,1344.0,4.0,3190.0,8.0,,False,A,4.0,P
2709_03,Mars,False,,33.0,False,361.0,0.0,381.0,1622.0,0.0,Rana Welto,False,F,523.0,S
3770_01,Earth,True,TRAPPIST-1e,16.0,False,0.0,0.0,0.0,,0.0,Deandy Anthompson,True,G,615.0,P
2234_05,Mars,False,TRAPPIST-1e,31.0,False,21.0,0.0,1031.0,0.0,,Burs Flité,False,D,66.0,P
4177_02,Europa,True,55 Cancri e,,False,0.0,0.0,0.0,0.0,0.0,Wezno Foraud,True,B,161.0,S
2233_01,Earth,False,TRAPPIST-1e,39.0,False,9.0,18.0,0.0,2.0,878.0,Nelle Alfordonard,False,G,359.0,P
5583_01,Europa,False,TRAPPIST-1e,52.0,False,5.0,3514.0,31.0,601.0,13.0,Taura Inghtal,True,D,170.0,S
3962_02,Earth,False,PSO J318.5-22,55.0,False,0.0,1203.0,0.0,0.0,446.0,Brance Guerson,False,E,239.0,P
2622_01,Earth,False,55 Cancri e,34.0,False,492.0,0.0,13.0,55.0,0.0,Tera Coley,False,F,505.0,S
3423_01,Earth,True,TRAPPIST-1e,21.0,,0.0,0.0,0.0,0.0,0.0,Heald Johnsby,True,G,561.0,P
1762_01,Earth,False,PSO J318.5-22,21.0,False,2400.0,7.0,0.0,20.0,0.0,Sylvin Casez,True,E,132.0,S
6660_01,Earth,False,TRAPPIST-1e,47.0,False,590.0,0.0,47.0,3.0,53.0,Debora Horndley,False,F,1384.0,P
4810_01,Earth,False,PSO J318.5-22,20.0,False,30.0,4.0,0.0,321.0,451.0,Lulard Blacks,False,,,
0219_01,Earth,True,TRAPPIST-1e,19.0,False,0.0,0.0,0.0,0.0,0.0,Nica River,True,G,36.0,P
0025_01,Earth,False,TRAPPIST-1e,15.0,False,0.0,225.0,0.0,998.0,0.0,Karard Brookenson,False,F,6.0,S
0840_01,Earth,,TRAPPIST-1e,27.0,False,663.0,1111.0,0.0,0.0,2.0,Ebonyd Braymon,False,G,123.0,P
0798_01,Mars,True,PSO J318.5-22,38.0,False,0.0,0.0,0.0,0.0,0.0,Ecco Gelle,True,F,147.0,S
2590_01,Earth,False,TRAPPIST-1e,8.0,False,0.0,0.0,0.0,0.0,0.0,Jeane River,False,G,420.0,P
1548_01,Europa,True,55 Cancri e,51.0,,0.0,0.0,0.0,0.0,0.0,Okulk Unicting,True,B,50.0,P
3025_02,Earth,False,TRAPPIST-1e,43.0,False,45.0,8.0,0.0,607.0,44.0,Stald Fisheparks,False,G,477.0,S
0459_01,Earth,False,TRAPPIST-1e,15.0,False,2156.0,0.0,0.0,59.0,2.0,Hardy Nichoan,False,F,84.0,S
3917_01,Europa,False,TRAPPIST-1e,30.0,False,0.0,690.0,0.0,49.0,2264.0,Shabih Esseal,False,B,124.0,P
2327_01,Europa,False,TRAPPIST-1e,32.0,False,0.0,4106.0,388.0,892.0,2.0,Alyat Oidederval,True,B,68.0,P
1669_01,Mars,False,TRAPPIST-1e,31.0,False,2436.0,0.0,147.0,16.0,0.0,Flams Spane,False,F,317.0,S
2892_04,Earth,False,TRAPPIST-1e,29.0,False,0.0,1311.0,0.0,0.0,0.0,Kendre Coolerson,False,F,598.0,P
0563_01,Mars,False,55 Cancri e,33.0,False,840.0,642.0,402.0,21.0,0.0,Hamsp Petie,False,F,114.0,P
4676_01,Earth,False,TRAPPIST-1e,42.0,False,0.0,0.0,1677.0,65.0,62.0,Andie Campson,True,G,760.0,P
1285_01,Earth,False,55 Cancri e,36.0,False,286.0,415.0,16.0,0.0,0.0,Ricia Weaverays,False,F,258.0,P
5514_03,Earth,False,TRAPPIST-1e,27.0,False,0.0,6.0,0.0,814.0,107.0,Ton Monroellynn,True,G,889.0,S
2737_02,Europa,False,TRAPPIST-1e,26.0,False,2381.0,1772.0,0.0,0.0,2618.0,Giedia Arterate,False,C,100.0,S
4364_01,Earth,True,PSO J318.5-22,25.0,False,0.0,0.0,0.0,0.0,0.0,Dixiel Dawsoncis,True,G,720.0,P
1865_06,,False,TRAPPIST-1e,6.0,False,0.0,0.0,0.0,0.0,0.0,Racyle Roses,False,G,292.0,S
2820_01,Earth,True,TRAPPIST-1e,44.0,False,0.0,0.0,0.0,0.0,0.0,Valex Lopelases,True,G,457.0,P
2663_01,Earth,False,55 Cancri e,13.0,False,0.0,0.0,0.0,4.0,811.0,Penne Douglasen,True,F,552.0,P
5927_02,Europa,False,,23.0,False,0.0,109.0,0.0,4810.0,25.0,Naviton Sysilstict,False,B,201.0,P
5572_01,Mars,True,55 Cancri e,19.0,False,0.0,0.0,0.0,0.0,0.0,Gicket Pane,True,F,1153.0,P
5374_01,Earth,False,,29.0,False,0.0,61.0,942.0,2.0,0.0,Candyn Loverthyo,True,F,1029.0,S
0785_01,Earth,False,TRAPPIST-1e,32.0,False,713.0,0.0,2.0,0.0,1.0,Francy Hughriend,False,F,165.0,P
3476_04,Earth,False,TRAPPIST-1e,24.0,False,1.0,467.0,4.0,0.0,341.0,Bonne Burksson,False,G,571.0,P
4876_01,Mars,False,TRAPPIST-1e,25.0,False,750.0,0.0,109.0,368.0,0.0,Teda Ane,False,F,927.0,S
4441_01,Europa,True,55 Cancri e,31.0,True,0.0,0.0,0.0,0.0,0.0,Kabiton Clinarfork,True,B,144.0,P
5430_01,Earth,True,TRAPPIST-1e,19.0,False,0.0,0.0,0.0,0.0,0.0,Inette Colomonson,False,G,873.0,P
6995_01,Earth,False,55 Cancri e,24.0,False,0.0,58.0,618.0,0.0,41.0,Stany Hamberterry,False,F,1334.0,S
2880_01,Earth,True,PSO J318.5-22,32.0,False,0.0,0.0,0.0,0.0,0.0,Lynnee Wooterston,False,G,468.0,P
0044_02,Earth,True,55 Cancri e,4.0,False,0.0,0.0,0.0,0.0,0.0,Kayne Coopelandez,True,G,3.0,P
1060_01,Earth,False,TRAPPIST-1e,57.0,False,,20.0,157.0,21.0,689.0,Willip Clayson,False,G,166.0,S
3750_01,Earth,False,TRAPPIST-1e,18.0,False,64.0,0.0,3.0,3440.0,5.0,Antone Mayods,False,F,775.0,P
5084_02,Europa,False,TRAPPIST-1e,32.0,False,8151.0,2052.0,1919.0,7352.0,754.0,Batrix Fuelightic,False,E,315.0,P
1601_01,Earth,False,TRAPPIST-1e,37.0,False,22.0,5.0,0.0,747.0,0.0,Elenna Mulley,False,G,255.0,P
2558_01,Mars,False,TRAPPIST-1e,3.0,False,0.0,0.0,0.0,0.0,0.0,Chios Katte,True,F,525.0,P
3907_01,Earth,True,TRAPPIST-1e,36.0,False,0.0,0.0,0.0,0.0,0.0,Scotty Richan,True,G,639.0,S
1953_01,Earth,False,TRAPPIST-1e,58.0,False,0.0,0.0,0.0,0.0,717.0,Verney Bradlerson,False,F,387.0,P
6234_01,Mars,False,PSO J318.5-22,40.0,True,301.0,0.0,1310.0,4.0,,Sters Bun,True,F,1287.0,P
2736_01,Mars,False,TRAPPIST-1e,27.0,True,1709.0,4.0,24.0,0.0,0.0,Mark Prity,False,D,81.0,P
6363_05,Earth,False,TRAPPIST-1e,17.0,False,0.0,,977.0,0.0,5.0,Molley Gouldensen,True,E,405.0,P
3567_01,Earth,False,TRAPPIST-1e,20.0,False,0.0,0.0,2687.0,35.0,340.0,Toniel Hestes,False,F,739.0,P
1865_04,Earth,False,TRAPPIST-1e,7.0,False,0.0,0.0,0.0,0.0,,,False,G,292.0,S
3229_01,Europa,False,TRAPPIST-1e,45.0,False,3.0,2344.0,1100.0,498.0,0.0,Aino Chpeng,True,B,118.0,S
4726_04,Europa,True,TRAPPIST-1e,28.0,False,0.0,0.0,0.0,0.0,0.0,Hekabih Praugnox,True,C,187.0,S
3987_01,Earth,False,TRAPPIST-1e,17.0,False,103.0,2183.0,0.0,16.0,0.0,Irmark Briggston,True,F,822.0,P
1507_02,Earth,False,TRAPPIST-1e,14.0,False,1.0,1.0,683.0,419.0,0.0,Jerek Jeffey,False,F,289.0,S
4534_01,Earth,False,55 Cancri e,30.0,False,60.0,41.0,553.0,1.0,0.0,Carry Floydendley,True,F,851.0,S
3966_03,Earth,False,TRAPPIST-1e,0.0,False,0.0,0.0,0.0,0.0,0.0,Adriet Kerristicey,True,G,649.0,P
1612_02,Europa,True,TRAPPIST-1e,47.0,False,0.0,0.0,0.0,0.0,0.0,Arraid Entenedy,True,E,101.0,P
4446_04,Europa,False,55 Cancri e,41.0,False,35.0,6103.0,0.0,180.0,160.0,Grum Chocaters,True,B,175.0,S
0571_02,Europa,True,TRAPPIST-1e,19.0,False,0.0,0.0,0.0,0.0,0.0,Alchium Ousious,False,C,21.0,P
5944_01,Earth,True,PSO J318.5-22,32.0,False,0.0,0.0,0.0,0.0,0.0,Alber Kerristicey,True,G,969.0,S
2703_01,Earth,False,TRAPPIST-1e,18.0,False,0.0,617.0,0.0,0.0,10.0,Rena Ashipeck,False,G,429.0,S
2237_02,Europa,True,TRAPPIST-1e,41.0,False,0.0,0.0,0.0,0.0,0.0,Ruchban Fushausive,True,C,83.0,S
6030_01,Earth,False,TRAPPIST-1e,5.0,False,0.0,0.0,0.0,0.0,0.0,Armen Ellson,True,G,981.0,S
2609_01,Earth,True,PSO J318.5-22,,False,0.0,0.0,0.0,0.0,0.0,Vana Hopez,True,G,416.0,S
6928_02,Earth,False,TRAPPIST-1e,11.0,False,0.0,0.0,0.0,0.0,0.0,Jodye Bookerson,False,G,1128.0,S
3055_01,Earth,False,TRAPPIST-1e,37.0,False,1086.0,0.0,0.0,41.0,0.0,Inen Casentry,False,F,637.0,P
2565_02,Mars,False,TRAPPIST-1e,32.0,False,598.0,0.0,138.0,0.0,624.0,Koops Lepie,False,E,155.0,P
0221_03,Mars,False,TRAPPIST-1e,33.0,False,1933.0,12.0,188.0,1.0,0.0,Jacks Reke,False,E,13.0,S
5530_01,Mars,False,TRAPPIST-1e,37.0,False,10.0,20.0,868.0,115.0,0.0,Eerch Mesty,False,E,347.0,P
6766_02,Earth,True,TRAPPIST-1e,0.0,,0.0,0.0,0.0,0.0,0.0,Carita Warrishales,True,G,1098.0,P
4522_01,Earth,False,TRAPPIST-1e,25.0,False,101.0,32.0,0.0,137.0,633.0,Belix Stephend,True,F,850.0,S
4973_01,Earth,False,TRAPPIST-1e,43.0,False,957.0,0.0,1.0,0.0,39.0,Paulie Stephendsey,False,E,309.0,P
0968_01,Earth,False,TRAPPIST-1e,20.0,False,792.0,0.0,0.0,0.0,0.0,Tyrona Figuez,False,E,53.0,P
2397_01,Earth,False,55 Cancri e,36.0,False,0.0,810.0,0.0,0.0,0.0,Elenna Raney,False,G,387.0,S
7119_01,Earth,False,TRAPPIST-1e,20.0,False,415.0,479.0,0.0,1019.0,239.0,Blancy Morrows,False,F,1476.0,P
1114_01,Mars,False,TRAPPIST-1e,38.0,True,936.0,0.0,363.0,0.0,0.0,Jet Kidne,False,E,79.0,S
2332_01,Earth,False,TRAPPIST-1e,21.0,False,556.0,0.0,20.0,1589.0,0.0,Cellex Mccarry,False,F,453.0,S
0453_01,Europa,True,TRAPPIST-1e,19.0,False,0.0,0.0,0.0,0.0,0.0,Aldun Taptiritty,True,B,14.0,S
1399_01,Earth,False,TRAPPIST-1e,28.0,False,0.0,0.0,529.0,560.0,60.0,Hellia Popelase,False,F,272.0,S
6163_01,Earth,False,TRAPPIST-1e,22.0,False,0.0,32.0,33.0,429.0,1174.0,Jodyn Briggins,False,E,409.0,S
5991_01,Europa,False,55 Cancri e,26.0,False,0.0,9641.0,51.0,224.0,2428.0,Minoton Cralinal,True,C,224.0,S
4096_01,Mars,False,TRAPPIST-1e,46.0,False,949.0,0.0,128.0,3.0,41.0,Stote Vicke,True,F,842.0,P
3793_01,Earth,True,55 Cancri e,23.0,False,0.0,0.0,0.0,0.0,0.0,Troyra Moodsey,True,G,622.0,S
4696_01,Mars,True,TRAPPIST-1e,39.0,False,0.0,0.0,0.0,0.0,0.0,Gice Bre,True,F,883.0,S
1036_01,Earth,True,PSO J318.5-22,24.0,False,0.0,,0.0,0.0,0.0,Laude Georgasey,True,G,161.0,S
6894_02,Mars,False,TRAPPIST-1e,0.0,False,0.0,0.0,0.0,0.0,0.0,Otlios Hacle,True,F,1319.0,S
6277_01,Earth,True,TRAPPIST-1e,23.0,False,0.0,0.0,0.0,,0.0,Kylen Haynardy,True,G,1014.0,S
1923_01,Europa,False,TRAPPIST-1e,63.0,False,0.0,4286.0,18.0,4.0,872.0,Wasaleh Dister,True,C,65.0,P
3361_04,,False,PSO J318.5-22,26.0,False,717.0,0.0,84.0,0.0,0.0,Blers Sinda,False,D,108.0,S
5769_02,Europa,True,55 Cancri e,19.0,False,0.0,0.0,0.0,0.0,0.0,Muonon Oppont,True,B,194.0,P
3644_01,Mars,True,TRAPPIST-1e,36.0,False,0.0,0.0,0.0,0.0,0.0,Carde Bun,True,F,686.0,S
6526_01,Earth,True,TRAPPIST-1e,21.0,False,0.0,0.0,0.0,0.0,0.0,Raulia Larks,True,G,1056.0,P
0449_01,Earth,True,TRAPPIST-1e,11.0,False,0.0,0.0,0.0,0.0,0.0,Nathy Moongton,True,G,64.0,S
1882_01,Europa,,55 Cancri e,18.0,False,0.0,16263.0,72.0,0.0,15.0,Magnon Antcal,True,C,71.0,S
7246_01,Mars,False,TRAPPIST-1e,45.0,False,1781.0,0.0,17.0,0.0,23.0,Pefox Khaf,False,F,1395.0,S
4649_01,Earth,False,TRAPPIST-1e,45.0,False,1399.0,226.0,0.0,0.0,0.0,Erina Prickmantes,False,E,290.0,P
3774_03,Earth,False,TRAPPIST-1e,35.0,False,227.0,117.0,394.0,9.0,56.0,Dorah Willy,False,F,778.0,P
1991_02,Earth,False,TRAPPIST-1e,22.0,False,213.0,85.0,352.0,12.0,1.0,Aude Palmes,True,E,146.0,S
6109_01,Europa,False,TRAPPIST-1e,13.0,False,0.0,9.0,0.0,,5648.0,Terons Inghtal,False,C,187.0,P
0072_01,Earth,False,TRAPPIST-1e,14.0,False,0.0,1.0,0.0,0.0,1063.0,Thell Brantuarez,False,F,17.0,S
4531_01,Europa,True,TRAPPIST-1e,54.0,False,0.0,0.0,0.0,0.0,0.0,Thabius Stelative,True,C,142.0,P
4738_01,Mars,False,TRAPPIST-1e,30.0,False,531.0,807.0,35.0,200.0,0.0,Suls Pread,False,F,893.0,S
0402_01,,True,55 Cancri e,32.0,True,0.0,0.0,0.0,0.0,0.0,Teron Sageng,True,D,15.0,S
0637_01,Mars,False,TRAPPIST-1e,20.0,False,0.0,0.0,0.0,0.0,0.0,Cowl Pamca,False,E,44.0,S
3018_01,Earth,False,TRAPPIST-1e,32.0,False,0.0,49.0,2.0,639.0,0.0,Vanley Harry,False,F,630.0,P
5792_01,Europa,False,55 Cancri e,40.0,False,0.0,3338.0,0.0,6344.0,199.0,Eltares Subwor,False,B,196.0,P
1167_01,Mars,True,TRAPPIST-1e,28.0,False,0.0,0.0,,0.0,0.0,Sugbix Terry,True,F,236.0,P
5127_01,Earth,False,TRAPPIST-1e,31.0,False,0.0,679.0,0.0,0.0,213.0,Leneva Yanton,True,G,837.0,S
4424_01,Mars,False,TRAPPIST-1e,19.0,False,30.0,0.0,42.0,3565.0,7.0,Kohs Pien,False,E,287.0,S
3352_01,Earth,True,PSO J318.5-22,47.0,False,0.0,0.0,0.0,0.0,0.0,Kelle Hickson,False,G,547.0,P
4754_01,Earth,False,55 Cancri e,30.0,False,25.0,245.0,198.0,2.0,321.0,Lorian Milton,False,E,307.0,S
2826_01,Europa,False,55 Cancri e,28.0,False,1581.0,213.0,0.0,18.0,3051.0,Teron Pabler,False,C,96.0,P
4021_01,Mars,False,TRAPPIST-1e,32.0,False,1843.0,0.0,662.0,0.0,0.0,Flys Buth,False,F,832.0,P
0005_01,Earth,False,PSO J318.5-22,44.0,False,0.0,483.0,0.0,291.0,0.0,Sandie Hinetthews,True,F,0.0,P
0101_01,Mars,True,TRAPPIST-1e,31.0,False,0.0,0.0,0.0,0.0,0.0,Book Trad,True,,,
1148_05,Europa,True,,14.0,False,0.0,0.0,0.0,0.0,0.0,Halleth Clugete,True,C,42.0,P
6641_02,Europa,True,55 Cancri e,39.0,False,0.0,0.0,0.0,0.0,0.0,Coxak Diateous,True,C,247.0,S
5718_01,Earth,True,TRAPPIST-1e,20.0,False,0.0,0.0,0.0,0.0,0.0,Racyle Kaney,True,G,927.0,S
2668_01,Earth,False,55 Cancri e,23.0,False,29.0,34.0,1.0,2838.0,0.0,Jacki Ingston,False,F,516.0,S
0826_01,Earth,False,TRAPPIST-1e,27.0,False,174.0,653.0,0.0,0.0,0.0,Danna Hoopez,True,,,
0647_03,Mars,False,TRAPPIST-1e,33.0,False,105.0,0.0,1087.0,0.0,0.0,Oareel Deeke,False,F,115.0,S
2837_01,Earth,False,PSO J318.5-22,23.0,False,0.0,0.0,,3.0,1919.0,Sergia Mcgoway,False,F,588.0,P
6115_01,Mars,False,TRAPPIST-1e,50.0,False,513.0,0.0,0.0,764.0,21.0,Naish Anpie,False,E,390.0,P
4069_01,Earth,False,55 Cancri e,24.0,False,0.0,0.0,2433.0,0.0,53.0,Hen Chenson,True,F,768.0,S
5968_01,Earth,False,TRAPPIST-1e,,False,17.0,0.0,0.0,49.0,867.0,Hanry Dayers,False,F,1229.0,P
5174_01,Europa,True,55 Cancri e,44.0,False,0.0,0.0,0.0,0.0,0.0,Hekark Alenter,True,C,159.0,P
7015_01,Europa,True,TRAPPIST-1e,29.0,False,0.0,0.0,0.0,0.0,0.0,Geons Geadle,True,C,227.0,P
2528_01,Mars,False,TRAPPIST-1e,48.0,False,639.0,412.0,110.0,0.0,0.0,Smonch Bau,True,F,487.0,S
2341_01,Earth,False,TRAPPIST-1e,15.0,False,0.0,785.0,0.0,0.0,0.0,Karlie Hubbarnett,True,F,455.0,S
1455_02,Europa,False,TRAPPIST-1e,29.0,False,0.0,2509.0,0.0,16.0,698.0,Teronan Conaly,True,B,62.0,S
4008_01,Mars,True,TRAPPIST-1e,33.0,False,0.0,0.0,0.0,0.0,0.0,Anamse Cha,True,F,760.0,S
5133_05,Earth,False,TRAPPIST-1e,26.0,False,0.0,910.0,13.0,10.0,15.0,Lynnon Pugherman,False,F,1046.0,P
0693_02,Europa,False,TRAPPIST-1e,34.0,False,0.0,3488.0,0.0,4343.0,38.0,Tetraix Dedometeel,False,C,27.0,S
3641_01,Earth,True,PSO J318.5-22,23.0,False,0.0,0.0,0.0,0.0,0.0,Erick Pacerty,True,G,595.0,P
4632_01,Europa,True,TRAPPIST-1e,57.0,False,0.0,0.0,0.0,0.0,0.0,Bellus Dightent,True,C,176.0,S
3536_01,Europa,True,55 Cancri e,28.0,False,0.0,0.0,0.0,0.0,0.0,Zosmas Ineedeve,True,A,40.0,S
2741_01,Mars,False,TRAPPIST-1e,43.0,False,471.0,0.0,133.0,2.0,692.0,Jackix Cake,False,E,164.0,P
0468_01,Earth,True,TRAPPIST-1e,34.0,False,0.0,0.0,0.0,0.0,0.0,Haryn Wynneyerson,False,,,
6839_01,Earth,False,TRAPPIST-1e,36.0,False,1912.0,0.0,0.0,2.0,0.0,Ellena Fryan,False,F,1307.0,S
6800_01,Earth,True,TRAPPIST-1e,15.0,False,0.0,0.0,0.0,0.0,0.0,Luise Krampbelles,True,G,1105.0,P
6055_03,Europa,False,TRAPPIST-1e,20.0,False,1883.0,0.0,,8810.0,0.0,Terops Prefule,False,C,185.0,P
5156_01,Europa,True,55 Cancri e,21.0,False,0.0,0.0,0.0,0.0,0.0,Sabiark Traild,True,B,200.0,S
2601_01,Mars,True,TRAPPIST-1e,24.0,False,0.0,0.0,0.0,0.0,0.0,Ries Jamai,True,F,536.0,P
4134_01,,True,TRAPPIST-1e,40.0,False,0.0,0.0,0.0,0.0,0.0,Cird Datty,True,,,
4114_01,Mars,True,TRAPPIST-1e,31.0,False,0.0,0.0,0.0,0.0,0.0,Rowls Porté,True,E,270.0,S
4091_01,Earth,False,TRAPPIST-1e,26.0,False,0.0,586.0,1.0,0.0,58.0,Ginald Pecketton,True,F,772.0,S
4393_02,Earth,False,TRAPPIST-1e,18.0,False,754.0,0.0,34.0,0.0,0.0,Thell Cookson,False,E,278.0,P
6028_03,Europa,False,55 Cancri e,11.0,False,0.0,0.0,0.0,0.0,0.0,Nusakar Preeldy,True,A,57.0,P
2173_01,Earth,True,PSO J318.5-22,27.0,False,0.0,0.0,0.0,0.0,0.0,Vina Landolphrey,True,G,352.0,P
5568_01,Europa,False,TRAPPIST-1e,49.0,False,0.0,3991.0,298.0,289.0,2740.0,Winons Covetive,False,B,188.0,P
0031_02,Mars,False,TRAPPIST-1e,2.0,False,0.0,0.0,0.0,0.0,0.0,Cinets Datie,True,F,9.0,P
0460_01,Earth,True,PSO J318.5-22,24.0,False,0.0,0.0,0.0,0.0,0.0,Shawne Jenningley,True,G,65.0,S
6327_01,Mars,True,TRAPPIST-1e,9.0,False,0.0,0.0,0.0,0.0,0.0,Rahars Casty,True,F,1308.0,P
4104_01,Earth,False,TRAPPIST-1e,41.0,False,1025.0,0.0,0.0,0.0,0.0,Ritany Gallard,False,G,675.0,P
0772_02,Europa,True,55 Cancri e,15.0,False,0.0,0.0,0.0,0.0,0.0,Halleth Plegred,True,E,56.0,S
1523_02,Europa,True,TRAPPIST-1e,35.0,False,0.0,0.0,0.0,0.0,0.0,Baton Waring,True,B,64.0,S
3076_01,Earth,True,PSO J318.5-22,,False,0.0,0.0,0.0,0.0,0.0,Jaimez Mcfaddenson,True,G,502.0,P
6246_01,Mars,False,TRAPPIST-1e,28.0,False,,0.0,129.0,0.0,,Barkix Nuthe,False,F,1199.0,S
3158_01,Mars,False,TRAPPIST-1e,21.0,False,1507.0,,3.0,2.0,1196.0,Pech Banie,False,D,100.0,P
5496_01,Earth,True,55 Cancri e,22.0,False,0.0,0.0,0.0,0.0,0.0,Wayney Charryerry,True,G,882.0,P
0691_01,Mars,False,TRAPPIST-1e,19.0,False,164.0,0.0,783.0,0.0,0.0,Bubbix Potte,False,E,49.0,S
0070_01,Earth,False,TRAPPIST-1e,19.0,False,190.0,0.0,5.0,1.0,726.0,Meremy Brighttt,False,F,13.0,P
5844_01,Earth,False,55 Cancri e,24.0,,0.0,30.0,835.0,0.0,0.0,Lavey Spencervan,True,E,369.0,P
1976_06,Europa,True,TRAPPIST-1e,64.0,False,0.0,0.0,0.0,0.0,0.0,Wasaleh Lansuffle,True,B,82.0,S
6756_01,Earth,False,TRAPPIST-1e,23.0,False,0.0,0.0,12.0,726.0,19.0,Winia Pittson,False,F,1402.0,P
5170_01,Earth,False,55 Cancri e,23.0,False,0.0,306.0,392.0,9.0,13.0,Jeandy Hurchez,False,F,1056.0,P
5527_01,Earth,False,TRAPPIST-1e,19.0,False,1.0,1.0,,0.0,1755.0,Pamiea Dickman,False,G,886.0,P
6030_03,Earth,False,TRAPPIST-1e,13.0,False,852.0,147.0,7.0,0.0,1.0,Etha Ellson,True,G,981.0,S
0874_01,Earth,False,TRAPPIST-1e,19.0,False,0.0,162.0,540.0,0.0,0.0,Breney Briggston,False,F,165.0,S
2356_03,Mars,True,TRAPPIST-1e,21.0,False,0.0,,0.0,0.0,0.0,Lios Peane,True,D,80.0,S
2338_01,Earth,True,55 Cancri e,27.0,False,0.0,0.0,0.0,0.0,0.0,Elenay Moodman,True,G,376.0,P
4974_02,Europa,True,55 Cancri e,45.0,False,0.0,0.0,0.0,0.0,,Lesat Vendeck,True,,,
0429_01,Europa,False,55 Cancri e,20.0,False,2.0,10116.0,0.0,2.0,225.0,Aino Ineysive,True,A,5.0,S
1389_01,Earth,True,55 Cancri e,38.0,False,0.0,0.0,0.0,0.0,0.0,Hatty Lowelliott,True,G,212.0,S
4837_01,Earth,False,TRAPPIST-1e,21.0,,0.0,198.0,559.0,19.0,44.0,Jorgie Jarvey,True,F,912.0,S
7253_01,Europa,False,TRAPPIST-1e,26.0,False,0.0,896.0,0.0,690.0,1.0,Alaron Obedaming,True,D,225.0,P
1660_01,Earth,,TRAPPIST-1e,20.0,False,0.0,1.0,0.0,905.0,0.0,Estina Cardner,False,E,122.0,S
3220_01,Earth,False,TRAPPIST-1e,33.0,False,0.0,0.0,75.0,709.0,0.0,Jeane Meyerthy,False,G,522.0,P
0982_01,Earth,True,PSO J318.5-22,57.0,False,0.0,0.0,0.0,0.0,0.0,Eriky Hewson,True,G,145.0,P
4249_03,Europa,False,55 Cancri e,20.0,False,354.0,1546.0,323.0,284.0,315.0,Aviton Inghting,True,B,166.0,S
1439_02,Mars,False,TRAPPIST-1e,30.0,False,806.0,100.0,9.0,,47.0,Croo Lette,False,D,52.0,S
2255_01,Europa,True,55 Cancri e,44.0,False,0.0,0.0,0.0,0.0,0.0,Tabdhib Spadicage,True,C,75.0,P
2526_01,Europa,True,55 Cancri e,38.0,False,0.0,0.0,0.0,0.0,0.0,Chelik Fatted,True,B,74.0,P
2739_01,Earth,True,PSO J318.5-22,38.0,False,0.0,0.0,0.0,,0.0,Heryle Daughessey,True,G,442.0,P
5202_01,Earth,True,TRAPPIST-1e,14.0,False,0.0,0.0,0.0,0.0,0.0,Jeret Berges,True,G,840.0,P
1691_01,Mars,False,TRAPPIST-1e,27.0,False,3482.0,1234.0,1155.0,0.0,0.0,Sesh Giba,False,F,321.0,S
0167_02,Mars,False,TRAPPIST-1e,27.0,False,1365.0,0.0,48.0,22.0,137.0,Rios Floaf,False,F,35.0,S
2061_01,Europa,False,TRAPPIST-1e,34.0,False,0.0,5063.0,0.0,56.0,327.0,Dscha Sedece,True,D,65.0,P
0333_01,Mars,True,55 Cancri e,29.0,False,0.0,0.0,0.0,0.0,0.0,Phios Melie,True,F,73.0,P
7271_01,Earth,False,55 Cancri e,21.0,False,61.0,201.0,222.0,161.0,60.0,,False,G,1171.0,P
1973_01,Europa,True,55 Cancri e,39.0,False,0.0,0.0,0.0,0.0,0.0,Gomeron Clindy,True,A,24.0,S
0770_06,Earth,True,PSO J318.5-22,7.0,False,0.0,0.0,0.0,0.0,0.0,,True,G,117.0,S
1075_01,Europa,True,TRAPPIST-1e,14.0,False,0.0,0.0,0.0,0.0,0.0,Teron Objeciane,True,B,41.0,S
3140_01,Mars,False,TRAPPIST-1e,26.0,False,912.0,0.0,43.0,0.0,0.0,Eang Dan,False,E,206.0,S
6394_03,Earth,True,TRAPPIST-1e,36.0,False,0.0,0.0,0.0,0.0,0.0,Ale Alberts,True,G,1037.0,S
1232_02,Europa,False,55 Cancri e,29.0,False,0.0,42.0,0.0,4651.0,661.0,Tope Geraing,False,C,49.0,S
3300_02,Mars,False,TRAPPIST-1e,47.0,False,378.0,0.0,117.0,1147.0,132.0,Quan Fla,False,F,688.0,P
1908_01,Mars,False,TRAPPIST-1e,18.0,False,1218.0,0.0,34.0,1095.0,0.0,Herms Chcak,False,E,115.0,P
3485_03,Europa,False,TRAPPIST-1e,33.0,False,0.0,3157.0,0.0,131.0,0.0,Hamak Oillepint,True,E,237.0,S
1300_01,Earth,False,55 Cancri e,27.0,False,1.0,299.0,1.0,380.0,13.0,Loria Robins,False,F,251.0,S
1455_04,Europa,False,TRAPPIST-1e,26.0,False,0.0,533.0,2119.0,10.0,504.0,Rasaleh Wassird,True,B,62.0,S
7168_01,Earth,False,TRAPPIST-1e,,False,0.0,11.0,793.0,0.0,84.0,Duana Mccard,True,G,1168.0,S
2856_01,Europa,False,55 Cancri e,38.0,False,0.0,896.0,0.0,,4168.0,Duhra Fulous,False,C,108.0,S
4044_03,Mars,True,TRAPPIST-1e,10.0,False,0.0,0.0,0.0,0.0,0.0,Rowls Can,True,F,765.0,S
0248_01,Europa,False,TRAPPIST-1e,33.0,False,0.0,1.0,0.0,8620.0,1063.0,Genifi Spanxibus,False,C,10.0,S
1178_01,Earth,False,TRAPPIST-1e,20.0,False,0.0,0.0,600.0,0.0,0.0,Walla Summington,False,F,224.0,S
4851_01,Earth,False,PSO J318.5-22,44.0,,0.0,463.0,1.0,172.0,0.0,Guadae Gamberson,True,F,918.0,S
6000_02,Mars,False,TRAPPIST-1e,41.0,False,1.0,0.0,808.0,0.0,0.0,Rhex Bart,False,D,189.0,P
6066_02,Europa,False,55 Cancri e,55.0,False,8142.0,8.0,0.0,1481.0,0.0,Terion Mallisly,False,C,226.0,S
2137_01,Mars,True,TRAPPIST-1e,27.0,False,0.0,0.0,0.0,0.0,0.0,Lopedo Ruité,True,F,423.0,P
5115_01,Europa,True,TRAPPIST-1e,41.0,False,0.0,0.0,0.0,0.0,0.0,Diason Whibid,True,C,199.0,S
1391_02,Mars,False,TRAPPIST-1e,21.0,False,1072.0,79.0,46.0,16.0,0.0,Cines Apie,False,F,276.0,P
1230_01,Earth,False,TRAPPIST-1e,38.0,False,354.0,34.0,0.0,291.0,229.0,Catha Gainebergan,False,G,189.0,S
2582_01,Earth,False,TRAPPIST-1e,22.0,False,98.0,0.0,46.0,641.0,0.0,Kayd Chardsons,False,G,415.0,P
1002_01,Mars,False,55 Cancri e,3.0,False,0.0,0.0,0.0,0.0,0.0,Caish Leste,True,F,187.0,S
2143_01,Earth,False,TRAPPIST-1e,21.0,False,0.0,1433.0,0.0,1234.0,0.0,Justie Miltongson,False,F,419.0,S
5625_02,Mars,,PSO J318.5-22,49.0,False,0.0,0.0,0.0,0.0,0.0,Cros Nane,False,E,352.0,P
5089_01,Europa,False,TRAPPIST-1e,39.0,False,3926.0,2030.0,0.0,1483.0,611.0,Alrakan Aivering,False,B,170.0,P
7018_01,Mars,False,TRAPPIST-1e,30.0,False,0.0,0.0,0.0,0.0,0.0,Set Sturt,False,E,467.0,S
0989_01,Earth,False,TRAPPIST-1e,6.0,False,0.0,0.0,0.0,0.0,0.0,Kayd Moranthons,False,G,146.0,P
3655_01,Earth,False,TRAPPIST-1e,17.0,False,0.0,432.0,0.0,3003.0,0.0,Deandy Moreman,False,F,690.0,S
0556_01,Earth,False,TRAPPIST-1e,19.0,False,0.0,1428.0,0.0,1.0,19.0,Jilla Rames,True,F,100.0,S
2925_02,Mars,True,55 Cancri e,23.0,False,0.0,0.0,0.0,0.0,0.0,Goleer Minen,True,F,609.0,P
6145_01,Europa,,55 Cancri e,,False,3478.0,10.0,0.0,105.0,2383.0,Benebah Asolipery,False,C,231.0,S
1076_01,Earth,True,TRAPPIST-1e,25.0,False,0.0,0.0,0.0,0.0,0.0,Raque Scheron,False,G,161.0,P
6744_05,Mars,False,TRAPPIST-1e,41.0,False,1203.0,756.0,140.0,0.0,0.0,Row Nan,False,E,431.0,P
5812_05,Earth,True,TRAPPIST-1e,41.0,False,0.0,0.0,0.0,0.0,0.0,Dian Domington,True,G,943.0,S
1619_01,Earth,True,TRAPPIST-1e,39.0,False,0.0,0.0,0.0,0.0,0.0,Vanard Hinglendez,True,G,249.0,S
2074_01,Europa,False,TRAPPIST-1e,24.0,False,1289.0,3343.0,0.0,4996.0,729.0,Sadir Alaring,False,D,69.0,S
6663_02,Earth,False,TRAPPIST-1e,35.0,False,90.0,0.0,655.0,43.0,16.0,Blanie Hickerson,False,F,1385.0,P
2154_01,Earth,False,TRAPPIST-1e,19.0,False,78.0,0.0,0.0,550.0,0.0,Regana Barles,False,G,348.0,P
5111_01,Europa,False,TRAPPIST-1e,25.0,False,0.0,3.0,0.0,763.0,3541.0,Sarid Unkcatted,False,B,171.0,P
2318_01,Earth,False,TRAPPIST-1e,18.0,False,128.0,37.0,626.0,0.0,5.0,Lindy Bradamss,False,F,470.0,P
7143_01,Mars,False,TRAPPIST-1e,31.0,False,907.0,0.0,437.0,2.0,0.0,Losp Buche,False,F,1372.0,S
1781_01,Europa,False,55 Cancri e,28.0,False,0.0,11026.0,0.0,0.0,12.0,Alballa Brailidy,True,C,66.0,S
2506_01,,False,55 Cancri e,38.0,False,0.0,2506.0,46.0,11001.0,5.0,Caphirk Apenelexy,False,A,19.0,P
0225_01,Earth,True,PSO J318.5-22,58.0,False,0.0,0.0,0.0,0.0,0.0,Carly Hortis,True,G,38.0,P
0647_02,Mars,True,TRAPPIST-1e,58.0,False,0.0,0.0,0.0,0.0,0.0,Anack Deeke,True,F,115.0,S
1479_01,Mars,True,TRAPPIST-1e,49.0,False,0.0,0.0,0.0,0.0,0.0,Clues Erle,True,F,290.0,P
2084_02,Europa,True,TRAPPIST-1e,,False,0.0,0.0,0.0,0.0,0.0,Dyonon Boltund,True,A,16.0,P
4137_01,Earth,False,55 Cancri e,39.0,False,664.0,0.0,0.0,40.0,0.0,Lonna Rocknight,False,F,778.0,S
3289_01,Earth,True,TRAPPIST-1e,16.0,False,0.0,0.0,0.0,0.0,0.0,Jaye Whitez,True,G,536.0,P
4790_01,Europa,False,,54.0,True,0.0,2853.0,0.0,0.0,1666.0,Alarkab Mirinanty,False,B,189.0,S
1626_01,Earth,False,TRAPPIST-1e,19.0,False,,9.0,0.0,0.0,1.0,Raceky Logannon,False,F,324.0,P
1947_01,Earth,False,TRAPPIST-1e,21.0,False,942.0,0.0,0.0,0.0,7.0,Lorian Vandan,False,F,372.0,S
5397_03,Mars,True,55 Cancri e,30.0,False,0.0,0.0,0.0,0.0,0.0,Sps Jamai,True,D,162.0,S
5828_01,Earth,False,TRAPPIST-1e,21.0,False,621.0,0.0,0.0,0.0,0.0,Bethy Goldendrice,False,G,941.0,P
7199_01,Earth,False,TRAPPIST-1e,54.0,False,1.0,0.0,109.0,,1.0,Lewise Bardinard,False,G,1174.0,S
4408_01,Mars,True,TRAPPIST-1e,75.0,False,0.0,0.0,0.0,0.0,0.0,Pich Knike,True,F,906.0,P
5726_01,Europa,True,55 Cancri e,27.0,False,0.0,0.0,,0.0,0.0,Bottom Dindeng,True,B,192.0,P
0572_01,Earth,False,TRAPPIST-1e,19.0,False,1911.0,0.0,21.0,854.0,0.0,Lesley Lamberguson,False,F,105.0,S
1748_02,Earth,False,TRAPPIST-1e,0.0,False,0.0,0.0,0.0,0.0,0.0,Erice Burchrison,False,G,287.0,P
5133_04,Earth,False,55 Cancri e,19.0,False,107.0,0.0,505.0,48.0,0.0,Done Litthews,False,F,1046.0,P
3849_01,Earth,False,TRAPPIST-1e,27.0,False,0.0,253.0,0.0,79.0,421.0,Timmy Santry,False,G,631.0,P
0970_01,Earth,True,TRAPPIST-1e,19.0,False,0.0,0.0,0.0,0.0,0.0,Tamie Blace,True,G,142.0,P
6094_01,Europa,True,55 Cancri e,30.0,False,0.0,0.0,0.0,0.0,0.0,Terons Brathful,True,C,227.0,S
3432_01,Earth,False,PSO J318.5-22,23.0,False,381.0,0.0,137.0,104.0,8.0,Bettie Miltongson,False,F,706.0,P
6862_01,Earth,True,TRAPPIST-1e,48.0,False,0.0,0.0,0.0,0.0,0.0,Diandi Mcfaddennon,True,G,1115.0,S
0127_01,Mars,False,TRAPPIST-1e,35.0,False,701.0,0.0,296.0,0.0,25.0,Miloss Mesty,False,E,7.0,S
6727_01,Earth,False,TRAPPIST-1e,29.0,False,0.0,316.0,0.0,,338.0,Andyn Humphreyes,True,G,1090.0,P
2086_02,Europa,False,TRAPPIST-1e,19.0,False,0.0,1342.0,0.0,152.0,556.0,Aldera Wasterivel,True,A,26.0,S
5266_02,Europa,False,55 Cancri e,36.0,True,13.0,196.0,3.0,0.0,12323.0,Sinon Poselfle,False,C,205.0,S
3294_02,Earth,True,TRAPPIST-1e,,False,0.0,0.0,0.0,0.0,0.0,Elinda Georgasey,False,G,537.0,P
0258_01,Earth,False,TRAPPIST-1e,22.0,False,0.0,0.0,313.0,299.0,92.0,Feryla Cooperkins,False,F,50.0,S
2670_01,Earth,False,TRAPPIST-1e,20.0,False,4.0,790.0,0.0,15.0,0.0,Glenna Leodger,False,G,432.0,P
0506_01,Mars,True,TRAPPIST-1e,23.0,False,0.0,0.0,0.0,0.0,0.0,Kad Backe,True,F,91.0,S
5611_01,Europa,True,TRAPPIST-1e,28.0,False,0.0,0.0,0.0,0.0,0.0,Medion Clutchor,True,D,171.0,S
4792_01,Earth,True,TRAPPIST-1e,18.0,False,0.0,0.0,0.0,0.0,0.0,Stace Drakeekss,True,G,782.0,S
2096_02,Mars,False,TRAPPIST-1e,49.0,False,1624.0,0.0,68.0,,0.0,Weaffs Kinie,False,F,412.0,S
2130_01,Earth,False,PSO J318.5-22,13.0,False,0.0,2.0,480.0,10.0,176.0,Marine Oneiles,False,F,421.0,P
1407_02,Earth,False,PSO J318.5-22,17.0,False,8.0,222.0,3.0,401.0,0.0,Derina Foxter,True,F,278.0,P
5463_01,Earth,False,TRAPPIST-1e,21.0,False,724.0,0.0,0.0,0.0,0.0,Laude Balderts,True,F,1045.0,S
3995_02,Earth,False,PSO J318.5-22,40.0,False,0.0,0.0,310.0,1.0,421.0,Charly Casonston,False,F,825.0,P
6302_03,Earth,False,TRAPPIST-1e,8.0,False,0.0,0.0,,0.0,0.0,Alvira Rostarks,True,G,1015.0,P
5671_01,Earth,False,TRAPPIST-1e,13.0,False,56.0,1706.0,15.0,0.0,23.0,Berly Acobsond,False,G,907.0,P
4261_01,Mars,False,55 Cancri e,56.0,False,412.0,492.0,9.0,117.0,33.0,Vivers Fatte,True,D,137.0,S
6216_01,Mars,False,TRAPPIST-1e,43.0,False,24.0,1.0,1167.0,0.0,0.0,Wolous Perta,True,F,1282.0,P
6220_01,Earth,False,PSO J318.5-22,42.0,False,0.0,168.0,0.0,113.0,461.0,Rica Jacostaffey,False,F,1284.0,P
3895_01,Mars,True,TRAPPIST-1e,36.0,False,0.0,0.0,0.0,0.0,0.0,Wolous Anpie,False,E,233.0,P
6598_01,Mars,True,TRAPPIST-1e,35.0,False,0.0,0.0,0.0,0.0,0.0,Panter Mepie,True,F,1263.0,S
3490_01,Europa,False,TRAPPIST-1e,29.0,False,4.0,3439.0,0.0,0.0,0.0,Meropus Sprender,True,D,111.0,P
6363_04,Earth,True,TRAPPIST-1e,1.0,False,0.0,0.0,,0.0,0.0,Alancy Gouldensen,False,G,1026.0,P
1674_01,Earth,True,PSO J318.5-22,20.0,False,0.0,0.0,0.0,0.0,0.0,,False,G,260.0,S
3237_02,Mars,False,TRAPPIST-1e,7.0,False,0.0,0.0,0.0,0.0,0.0,Chrets Lapie,True,F,677.0,P
6591_01,Earth,False,TRAPPIST-1e,47.0,False,285.0,600.0,3.0,0.0,640.0,Willy Mcfarleys,False,F,1261.0,S
1975_01,Earth,False,TRAPPIST-1e,22.0,False,0.0,0.0,0.0,10.0,761.0,Jeandy Hobbinson,False,G,310.0,S
7156_02,Mars,False,TRAPPIST-1e,,False,0.0,0.0,0.0,0.0,0.0,Repart Ramad,True,E,475.0,S
1651_03,Earth,True,PSO J318.5-22,0.0,False,0.0,0.0,0.0,0.0,0.0,Deanny Wonglasquez,True,G,266.0,P
6055_02,Europa,True,TRAPPIST-1e,41.0,False,0.0,0.0,0.0,0.0,0.0,Achiram Prefule,True,C,185.0,P
0435_01,Earth,True,TRAPPIST-1e,17.0,False,0.0,0.0,0.0,0.0,0.0,Allie Willynnedy,True,G,62.0,S
2117_01,Europa,False,TRAPPIST-1e,31.0,False,0.0,8718.0,0.0,13036.0,267.0,Azet Rocketedy,False,,,
2427_01,Europa,True,TRAPPIST-1e,26.0,False,0.0,0.0,0.0,0.0,0.0,Marfak Geneltic,True,B,94.0,S
3185_01,Earth,False,TRAPPIST-1e,43.0,False,0.0,788.0,0.0,0.0,1191.0,Carley Gardonadox,False,F,601.0,S
0935_01,Earth,False,TRAPPIST-1e,36.0,False,0.0,11.0,0.0,18.0,872.0,Terly Rocknight,False,F,194.0,P
3405_01,Earth,True,TRAPPIST-1e,38.0,False,0.0,0.0,0.0,0.0,0.0,Mathy Bakerson,False,G,546.0,S
1922_01,Earth,True,55 Cancri e,23.0,False,0.0,0.0,0.0,0.0,0.0,Tonald Hickson,False,G,303.0,S
4961_01,Mars,False,TRAPPIST-1e,32.0,False,1016.0,0.0,307.0,5.0,,Ane Read,True,F,942.0,S
0122_01,Earth,False,TRAPPIST-1e,29.0,False,0.0,0.0,0.0,699.0,74.0,Shelle Hayder,False,G,21.0,S
0244_01,Mars,True,TRAPPIST-1e,43.0,False,0.0,0.0,0.0,0.0,0.0,Froos Sad,True,,,
2026_03,Earth,False,TRAPPIST-1e,20.0,False,0.0,4.0,429.0,0.0,287.0,Heald Alldson,False,G,323.0,S
3543_03,Europa,True,TRAPPIST-1e,56.0,False,0.0,0.0,0.0,0.0,0.0,Elerops Holatirint,True,C,116.0,P
1255_02,Mars,True,TRAPPIST-1e,15.0,False,0.0,0.0,0.0,0.0,0.0,Razzle Potte,True,F,242.0,S
1282_01,Earth,True,PSO J318.5-22,18.0,,0.0,0.0,0.0,0.0,0.0,Dony Handertiz,False,G,191.0,P
2905_01,Earth,False,55 Cancri e,24.0,False,489.0,0.0,,0.0,0.0,Lloyde Parsoney,False,G,462.0,S
1424_05,Europa,True,TRAPPIST-1e,35.0,False,0.0,0.0,0.0,0.0,0.0,Weia Sageng,True,B,47.0,P
0539_05,Europa,False,TRAPPIST-1e,38.0,False,0.0,1793.0,479.0,9.0,4987.0,Mardyon Nalanet,False,C,18.0,P
4764_01,Earth,False,TRAPPIST-1e,22.0,False,0.0,669.0,121.0,0.0,56.0,Faithy Bookerson,True,E,308.0,S
0922_01,Europa,True,55 Cancri e,33.0,False,0.0,0.0,0.0,0.0,,Shaiam Obedaming,True,B,35.0,P
4941_01,Mars,False,TRAPPIST-1e,35.0,False,988.0,0.0,830.0,2.0,0.0,Waffes Buche,False,F,1008.0,P
7068_01,Earth,False,PSO J318.5-22,45.0,False,0.0,0.0,0.0,0.0,595.0,Irmark Mcfaddenson,False,F,1350.0,S
0599_04,Mars,True,TRAPPIST-1e,9.0,False,0.0,0.0,0.0,0.0,0.0,Honjay Crité,True,F,124.0,P
1337_01,Earth,,55 Cancri e,35.0,False,775.0,14.0,0.0,610.0,4.0,Brank Shermann,False,F,258.0,S
4884_01,Mars,True,TRAPPIST-1e,23.0,False,0.0,0.0,0.0,0.0,0.0,Tors Buncy,False,E,316.0,S
0770_01,Earth,True,TRAPPIST-1e,0.0,False,0.0,0.0,0.0,0.0,0.0,Alendy Mclardson,False,G,117.0,S
0753_03,Europa,True,55 Cancri e,42.0,False,0.0,0.0,0.0,0.0,0.0,Matan Ennalve,True,,,
6925_01,Earth,False,TRAPPIST-1e,26.0,False,0.0,0.0,677.0,1.0,108.0,Juanie Hayerson,False,G,1120.0,P
3784_01,Earth,False,TRAPPIST-1e,77.0,False,0.0,,131.0,3981.0,108.0,Ale Morrencis,False,G,618.0,P
4620_01,Earth,True,TRAPPIST-1e,46.0,False,0.0,0.0,0.0,0.0,0.0,Evey Heney,False,G,757.0,S
6413_01,Europa,False,TRAPPIST-1e,65.0,,0.0,1420.0,,85.0,827.0,Grasath Undrude,False,A,77.0,S
0173_01,Earth,,TRAPPIST-1e,58.0,False,0.0,985.0,0.0,5.0,0.0,Hilip Grifford,True,E,11.0,S
6818_01,Earth,False,TRAPPIST-1e,31.0,False,32.0,2667.0,0.0,0.0,9.0,Bra Midtt,True,F,1418.0,P
5090_05,Earth,False,PSO J318.5-22,32.0,False,793.0,0.0,0.0,0.0,0.0,Annya Willy,False,E,316.0,P
0061_01,Earth,False,TRAPPIST-1e,22.0,False,45.0,1096.0,148.0,1377.0,1.0,Shanya Salez,False,F,12.0,S
1099_01,Earth,False,PSO J318.5-22,22.0,False,0.0,78.0,642.0,0.0,0.0,Andine Mcneiley,False,F,225.0,P
0833_01,Europa,True,55 Cancri e,36.0,False,0.0,0.0,0.0,0.0,0.0,Tarmus Poicaptic,True,,,
4498_08,Earth,False,TRAPPIST-1e,7.0,False,0.0,0.0,0.0,0.0,0.0,Kendy Munozanson,False,G,734.0,S
5812_04,Earth,True,TRAPPIST-1e,2.0,False,0.0,0.0,0.0,0.0,0.0,Ireen Domington,True,G,943.0,S
5606_01,Europa,True,55 Cancri e,45.0,False,0.0,0.0,0.0,0.0,0.0,Algor Paterpad,True,B,213.0,S
5059_01,Earth,False,55 Cancri e,21.0,False,639.0,0.0,0.0,0.0,0.0,Nancis Ryanga,False,F,1030.0,P
2822_04,Earth,True,,18.0,False,0.0,0.0,0.0,0.0,0.0,Annaha Harverez,True,G,450.0,S
2838_01,Mars,False,TRAPPIST-1e,22.0,False,0.0,0.0,0.0,0.0,0.0,Whee Cure,False,E,174.0,P
3474_02,Europa,False,TRAPPIST-1e,38.0,False,0.0,952.0,0.0,0.0,1790.0,Zubeneb Pasharne,False,B,110.0,P
1727_02,Mars,False,55 Cancri e,52.0,False,1279.0,0.0,1061.0,359.0,0.0,Emoles Barte,False,D,54.0,P
1615_03,Earth,False,TRAPPIST-1e,0.0,False,0.0,0.0,0.0,0.0,0.0,Terina Lopelases,True,G,259.0,P
5344_02,Europa,True,55 Cancri e,38.0,False,0.0,0.0,0.0,0.0,0.0,Dyonon Prieress,True,C,168.0,P
5763_02,Earth,False,TRAPPIST-1e,24.0,False,,0.0,0.0,838.0,193.0,Erick Alentonway,False,F,1099.0,S
4451_01,,True,TRAPPIST-1e,35.0,False,0.0,0.0,0.0,0.0,0.0,Poloos Jamad,True,F,914.0,P
4568_01,Mars,False,TRAPPIST-1e,42.0,False,4102.0,0.0,36.0,0.0,1825.0,Ples Pamca,False,F,940.0,P
3967_01,Mars,False,TRAPPIST-1e,22.0,False,886.0,55.0,0.0,0.0,,Ray Seen,False,F,819.0,P
5985_01,Earth,False,TRAPPIST-1e,24.0,False,276.0,0.0,0.0,0.0,489.0,Judya Wooterston,True,F,1234.0,P
6585_02,Earth,,TRAPPIST-1e,18.0,False,289.0,1809.0,3.0,2.0,2.0,Raque Hornettoney,True,F,1260.0,S
2301_02,Earth,False,55 Cancri e,37.0,False,1508.0,,0.0,1.0,0.0,Weslie Hodgesss,False,G,367.0,S
1115_01,Earth,True,TRAPPIST-1e,34.0,False,0.0,0.0,0.0,0.0,0.0,Arl Oneidson,True,G,173.0,S
4535_02,Earth,False,TRAPPIST-1e,20.0,False,25.0,0.0,796.0,44.0,44.0,Jerrye Cardners,False,G,742.0,P
6402_02,Earth,True,TRAPPIST-1e,8.0,False,0.0,0.0,0.0,0.0,0.0,Hanna Knoxonway,False,G,1032.0,P
6921_04,Europa,False,TRAPPIST-1e,28.0,True,0.0,14076.0,0.0,928.0,372.0,Dsch Stersetery,True,C,255.0,S
3700_01,Earth,False,TRAPPIST-1e,23.0,False,58.0,396.0,15.0,,180.0,Coreee Midtt,False,F,767.0,P
6665_03,Europa,False,TRAPPIST-1e,53.0,False,0.0,0.0,0.0,0.0,0.0,Tachba Disivering,True,B,222.0,P
6900_01,Earth,True,TRAPPIST-1e,16.0,False,0.0,0.0,0.0,0.0,0.0,Kyley Hendrys,True,G,1123.0,S
6011_01,Earth,False,TRAPPIST-1e,58.0,False,0.0,0.0,0.0,1989.0,18.0,Kurta Hoodgers,False,F,1239.0,P
2597_01,Mars,True,TRAPPIST-1e,25.0,False,0.0,0.0,0.0,0.0,0.0,Want Jamai,True,F,500.0,S
4807_01,Earth,False,TRAPPIST-1e,44.0,False,22.0,1.0,0.0,864.0,0.0,Elinda Miley,False,G,776.0,P
3274_01,Earth,True,TRAPPIST-1e,32.0,False,0.0,0.0,0.0,0.0,0.0,Dwigh Hahnstoneal,True,G,533.0,P
6724_02,Europa,True,55 Cancri e,17.0,False,0.0,0.0,0.0,0.0,0.0,Scelava Haftent,True,C,213.0,P
1592_01,Europa,False,TRAPPIST-1e,35.0,False,305.0,3621.0,0.0,320.0,341.0,Ankabih Idivent,True,C,60.0,S
5115_02,Europa,True,55 Cancri e,28.0,False,0.0,0.0,0.0,0.0,0.0,Megrezn Whibid,True,C,199.0,S
1670_02,Earth,True,TRAPPIST-1e,44.0,False,0.0,0.0,0.0,0.0,0.0,Jordy Sancasey,False,G,269.0,P
1625_02,Europa,False,TRAPPIST-1e,29.0,False,0.0,930.0,0.0,2113.0,98.0,Dabik Patimonne,False,C,59.0,P
6794_01,Mars,False,TRAPPIST-1e,27.0,False,20.0,0.0,1000.0,36.0,0.0,Slig Conie,True,D,206.0,S
4035_01,Earth,True,55 Cancri e,21.0,False,0.0,0.0,0.0,0.0,0.0,Pamiea Bryants,True,G,662.0,P
4632_04,Europa,False,TRAPPIST-1e,52.0,False,2.0,364.0,0.0,2144.0,1804.0,Alraium Syncepul,False,C,176.0,S
0425_02,Mars,True,TRAPPIST-1e,3.0,False,0.0,0.0,0.0,0.0,0.0,Cowns Fiha,True,F,96.0,P
4256_07,Earth,False,TRAPPIST-1e,29.0,False,13.0,0.0,664.0,74.0,101.0,Elanda Garnes,False,G,698.0,P
4178_01,Earth,False,TRAPPIST-1e,19.0,False,0.0,0.0,4.0,6.0,773.0,Almara Sweenez,False,G,687.0,P
1599_01,Europa,True,TRAPPIST-1e,19.0,False,0.0,0.0,,0.0,0.0,Giedion Drelcate,True,C,58.0,P
4014_01,Europa,False,TRAPPIST-1e,42.0,False,0.0,456.0,1.0,1193.0,3039.0,Hekabih Metful,False,B,125.0,P
3981_01,Earth,False,PSO J318.5-22,33.0,False,400.0,270.0,33.0,0.0,0.0,Pamont Carvis,False,,,
4972_01,Europa,False,55 Cancri e,35.0,False,87.0,1719.0,2750.0,0.0,79.0,Beneba Blentrary,True,B,162.0,P
5561_04,Europa,False,TRAPPIST-1e,43.0,False,7.0,494.0,2473.0,443.0,71.0,Ankab Fueling,False,A,51.0,P
6077_01,Earth,True,TRAPPIST-1e,17.0,False,0.0,,0.0,0.0,0.0,Armene Lewintos,True,G,985.0,P
7235_01,Europa,False,,36.0,False,0.0,1606.0,511.0,89.0,2220.0,Cherkab Bruthydre,False,B,241.0,P
6289_01,Earth,False,TRAPPIST-1e,21.0,False,0.0,0.0,28.0,508.0,272.0,Hene Horthy,True,G,1018.0,S
2919_03,Mars,True,TRAPPIST-1e,6.0,False,,0.0,0.0,0.0,0.0,Stmeal Kra,True,F,555.0,S
1926_01,,True,TRAPPIST-1e,20.0,False,0.0,0.0,0.0,0.0,0.0,Billey Conney,False,G,305.0,S
4596_01,,True,TRAPPIST-1e,28.0,False,0.0,0.0,0.0,0.0,0.0,Ale Booneid,True,G,751.0,S
3850_06,Europa,False,TRAPPIST-1e,31.0,False,0.0,1565.0,0.0,97.0,1678.0,Sabiark Unteckery,True,C,137.0,S
0436_02,Earth,False,PSO J318.5-22,56.0,False,46.0,11.0,0.0,622.0,0.0,Lilace Hodes,False,G,63.0,S
4306_01,Mars,False,55 Cancri e,22.0,False,1371.0,0.0,235.0,0.0,0.0,Ber Terry,True,F,805.0,S
0206_01,Europa,False,55 Cancri e,,False,2.0,1720.0,12.0,1125.0,122.0,Nuson Brugashed,True,C,9.0,S
1805_01,Earth,True,TRAPPIST-1e,24.0,False,0.0,0.0,0.0,0.0,0.0,Doryn Bradlerson,True,G,284.0,S
0630_01,Mars,True,TRAPPIST-1e,32.0,False,0.0,0.0,0.0,0.0,0.0,Cord Anpie,True,F,112.0,S
7166_01,Mars,False,TRAPPIST-1e,19.0,False,862.0,0.0,5.0,2032.0,0.0,Cinst Purte,False,F,1378.0,S
1511_02,Europa,True,TRAPPIST-1e,13.0,False,0.0,0.0,0.0,0.0,0.0,Diram Whealeed,True,B,63.0,S
3444_01,Europa,False,55 Cancri e,33.0,False,0.0,27071.0,0.0,15.0,0.0,Ainoxa Scerodbox,True,B,131.0,S
5746_01,Earth,False,TRAPPIST-1e,19.0,False,0.0,,0.0,5381.0,139.0,Rica Vandan,False,G,932.0,S
3613_01,Earth,False,TRAPPIST-1e,18.0,False,0.0,733.0,0.0,0.0,0.0,Bethew Lewintos,True,F,748.0,P
3293_01,Mars,False,TRAPPIST-1e,20.0,False,915.0,12.0,25.0,205.0,311.0,Wings Part,True,F,623.0,S
6508_01,Earth,False,PSO J318.5-22,32.0,False,397.0,0.0,7.0,182.0,5.0,Tonyn Braymon,False,F,1242.0,S
0232_01,Earth,True,PSO J318.5-22,27.0,False,0.0,,0.0,0.0,0.0,Nica Bakerrison,False,G,36.0,S
7029_02,Earth,True,PSO J318.5-22,49.0,False,0.0,0.0,0.0,0.0,0.0,Tine Cardsay,False,F,1458.0,P
1712_01,Mars,,TRAPPIST-1e,17.0,False,139.0,0.0,959.0,21.0,0.0,,False,F,339.0,P
5410_01,Mars,False,TRAPPIST-1e,33.0,False,748.0,130.0,1047.0,458.0,0.0,Sweal Frasp,False,D,163.0,S
0068_01,Mars,False,TRAPPIST-1e,,False,793.0,0.0,2.0,253.0,0.0,Cinst Binie,False,E,4.0,S
6502_01,Earth,False,TRAPPIST-1e,6.0,,0.0,0.0,0.0,0.0,0.0,Thelix Mcdanield,True,G,1058.0,S
3995_04,Earth,False,TRAPPIST-1e,8.0,False,0.0,0.0,0.0,0.0,0.0,Evey Casonston,False,G,655.0,P
6665_01,Europa,True,55 Cancri e,17.0,False,0.0,0.0,0.0,0.0,0.0,Alraium Disivering,True,B,222.0,P
7176_03,Europa,False,TRAPPIST-1e,25.0,False,0.0,3590.0,0.0,27.0,0.0,Sadlami Chhaft,True,C,232.0,P
7374_01,Mars,True,TRAPPIST-1e,30.0,False,0.0,,0.0,0.0,0.0,Apple Cre,True,F,1527.0,P
4005_01,Earth,False,TRAPPIST-1e,8.0,False,0.0,0.0,0.0,0.0,0.0,Jonaye Castannison,True,G,657.0,P
1412_01,Earth,False,55 Cancri e,15.0,False,0.0,0.0,,0.0,832.0,Andona Winsley,False,G,217.0,S
3547_01,Mars,False,55 Cancri e,21.0,False,1099.0,,1820.0,0.0,0.0,Smarve Canie,False,D,112.0,S
0615_01,Earth,True,TRAPPIST-1e,58.0,False,0.0,0.0,0.0,0.0,0.0,Blancy Pollarkeeks,False,G,92.0,S
0571_04,Europa,True,,30.0,False,0.0,0.0,0.0,0.0,,Izark Hednigic,True,C,21.0,P
3879_01,Mars,False,55 Cancri e,31.0,False,796.0,0.0,70.0,595.0,0.0,Spies Nache,False,F,801.0,P
4911_01,Earth,False,TRAPPIST-1e,18.0,False,0.0,0.0,0.0,702.0,0.0,Adriet Hughriend,False,F,998.0,P
3942_01,Earth,True,PSO J318.5-22,20.0,False,0.0,0.0,0.0,0.0,0.0,Floyde Grahangory,False,G,645.0,S
2234_07,Mars,,TRAPPIST-1e,24.0,False,2538.0,0.0,61.0,0.0,0.0,Sumpid Gread,False,F,448.0,P
0985_01,Earth,False,55 Cancri e,18.0,False,6.0,0.0,,12.0,704.0,Dory Reyerson,True,E,57.0,P
5314_01,Europa,False,TRAPPIST-1e,25.0,,0.0,3625.0,0.0,0.0,168.0,Skatik Arible,True,C,208.0,S
1015_01,Earth,False,TRAPPIST-1e,44.0,,0.0,131.0,267.0,554.0,0.0,Wilmay Antoshipson,False,F,189.0,S
2555_01,Europa,True,55 Cancri e,24.0,False,0.0,0.0,0.0,0.0,0.0,Branasl Glisormal,True,B,78.0,P
6731_01,Earth,False,TRAPPIST-1e,32.0,False,3135.0,2.0,0.0,0.0,0.0,Tin Rochan,False,F,1397.0,P
4677_01,Europa,False,55 Cancri e,30.0,False,0.0,4066.0,0.0,544.0,1272.0,Skatzn Obeaded,False,C,150.0,P
5902_01,Mars,False,PSO J318.5-22,34.0,False,162.0,0.0,690.0,28.0,0.0,Igrish Win,False,D,177.0,S
2503_02,Mars,False,TRAPPIST-1e,4.0,False,0.0,0.0,0.0,0.0,0.0,Eet Shrie,True,F,516.0,P
1235_01,Earth,False,TRAPPIST-1e,32.0,False,27.0,393.0,1061.0,27.0,0.0,Lyn Scottuez,True,F,237.0,S
6911_01,Mars,False,TRAPPIST-1e,50.0,False,118.0,0.0,1041.0,0.0,0.0,Powhex Sutte,True,F,1323.0,S
3890_01,Earth,True,TRAPPIST-1e,21.0,False,0.0,0.0,0.0,0.0,0.0,Dorie Weissey,True,G,634.0,S
5198_01,Mars,False,TRAPPIST-1e,45.0,False,878.0,0.0,430.0,0.0,0.0,Lish Fla,False,F,1059.0,P
2516_01,Earth,False,55 Cancri e,29.0,False,75.0,17.0,0.0,211.0,506.0,Enryn Romason,False,G,406.0,P
2589_01,Europa,True,TRAPPIST-1e,26.0,False,0.0,0.0,0.0,0.0,0.0,Alasmon Meteet,True,C,91.0,P
4680_01,Mars,False,TRAPPIST-1e,17.0,False,,0.0,38.0,0.0,2.0,Dakes Colte,False,D,155.0,P
7290_01,Europa,True,55 Cancri e,32.0,False,0.0,0.0,0.0,0.0,0.0,Cheleon Bruthydre,True,D,227.0,P
3071_02,Europa,False,TRAPPIST-1e,26.0,False,0.0,,8.0,21.0,6023.0,Alballa Cracionfic,False,B,113.0,S
7019_01,Earth,False,TRAPPIST-1e,31.0,False,0.0,0.0,717.0,0.0,0.0,Fayen Nasquez,False,F,1457.0,P
5546_01,Europa,False,55 Cancri e,28.0,False,550.0,5203.0,0.0,2244.0,1624.0,Wasatan Brathful,False,D,176.0,P
5515_01,Earth,False,TRAPPIST-1e,22.0,False,758.0,0.0,46.0,0.0,0.0,Feryla Prestonard,False,F,1141.0,P
5452_01,Europa,,TRAPPIST-1e,24.0,False,0.0,0.0,0.0,0.0,0.0,Eleb Mander,True,C,212.0,S
6149_01,Earth,,TRAPPIST-1e,15.0,False,1682.0,103.0,0.0,0.0,3.0,Card Gallencis,True,G,995.0,S
5490_01,Mars,False,TRAPPIST-1e,26.0,False,665.0,76.0,,1478.0,0.0,Grog Emead,False,F,1137.0,P
5526_01,Earth,False,TRAPPIST-1e,23.0,False,0.0,0.0,4.0,145.0,,Kaye Stroyledgez,False,F,1061.0,S
3550_03,Earth,True,TRAPPIST-1e,21.0,False,0.0,0.0,0.0,0.0,0.0,Celina Carvis,False,G,570.0,S
1114_02,Mars,False,TRAPPIST-1e,31.0,False,0.0,0.0,0.0,0.0,0.0,Apple Kidne,False,E,79.0,S
3270_01,Earth,False,TRAPPIST-1e,26.0,False,0.0,56.0,322.0,6.0,243.0,Thell Klindsey,True,G,531.0,P
2707_01,Europa,False,TRAPPIST-1e,58.0,False,1113.0,1650.0,0.0,194.0,510.0,Ziba Belstrut,True,B,103.0,S
1029_01,Mars,True,TRAPPIST-1e,30.0,False,0.0,0.0,0.0,0.0,0.0,Crowk Racke,True,F,212.0,P
4617_01,Earth,False,TRAPPIST-1e,53.0,False,19.0,81.0,85.0,768.0,489.0,Joycey Toddleton,False,F,866.0,S
1995_01,Earth,False,PSO J318.5-22,30.0,False,231.0,0.0,0.0,274.0,26.0,Gerry Sterreray,False,G,314.0,S
1615_01,Earth,False,TRAPPIST-1e,24.0,False,0.0,0.0,6.0,685.0,0.0,Kencey Lopelases,False,F,322.0,P
0539_01,Europa,True,TRAPPIST-1e,,False,0.0,0.0,,0.0,0.0,Tard Nalanet,True,C,18.0,P
7279_01,Europa,True,55 Cancri e,38.0,False,0.0,0.0,0.0,0.0,0.0,Halsham Prombled,True,C,236.0,P
3995_03,Earth,False,55 Cancri e,27.0,False,0.0,0.0,2.0,0.0,808.0,Colle Casonston,False,G,655.0,P
7303_01,Earth,False,TRAPPIST-1e,51.0,False,3.0,33.0,12.0,38.0,896.0,Lonnez Adavisons,False,E,487.0,S
3755_01,Earth,True,TRAPPIST-1e,24.0,False,0.0,0.0,0.0,0.0,0.0,Stendy Gallencis,False,,,
3568_01,Earth,False,TRAPPIST-1e,14.0,False,30.0,59.0,0.0,572.0,0.0,Emmax Parklaney,False,F,740.0,P
2067_02,Europa,False,TRAPPIST-1e,27.0,True,0.0,0.0,72.0,668.0,2713.0,Asellan Sprender,False,C,70.0,P
0012_01,Earth,False,TRAPPIST-1e,31.0,False,32.0,0.0,876.0,0.0,0.0,Justie Pooles,False,,,
5416_02,Mars,False,TRAPPIST-1e,30.0,False,138.0,0.0,208.0,952.0,0.0,Pos Saf,False,E,340.0,P
5133_02,Earth,True,PSO J318.5-22,24.0,False,0.0,0.0,0.0,0.0,0.0,Hene Litthews,False,G,829.0,P
1834_01,Mars,False,,26.0,False,17.0,0.0,1582.0,0.0,0.0,,True,F,354.0,S
2102_01,Europa,False,TRAPPIST-1e,30.0,False,63.0,9314.0,249.0,2624.0,4538.0,Giedia Seadler,False,C,79.0,S
4296_01,Earth,True,TRAPPIST-1e,35.0,False,0.0,0.0,0.0,0.0,0.0,Eriney Whitersone,False,G,703.0,S
4593_01,Earth,False,TRAPPIST-1e,30.0,False,1.0,797.0,0.0,10.0,0.0,Toddie Pugherman,True,G,750.0,S
1423_01,Europa,True,TRAPPIST-1e,24.0,False,0.0,0.0,0.0,0.0,0.0,Seginon Asoppor,True,B,61.0,S
2840_01,Earth,False,55 Cancri e,44.0,False,672.0,0.0,0.0,0.0,20.0,Jacky Hortis,False,F,540.0,S
2145_01,Earth,False,TRAPPIST-1e,15.0,False,0.0,951.0,128.0,0.0,0.0,Karene Pecketton,False,F,425.0,P
6588_01,Earth,False,TRAPPIST-1e,38.0,False,115.0,125.0,0.0,202.0,0.0,Denne Moodsey,True,G,1073.0,S
6325_01,Earth,True,TRAPPIST-1e,34.0,False,0.0,0.0,0.0,0.0,0.0,Adamie Benney,True,G,1026.0,S
5912_01,Earth,True,TRAPPIST-1e,15.0,False,0.0,0.0,0.0,0.0,0.0,Dianya Joycerton,True,G,963.0,S
4509_03,Mars,False,TRAPPIST-1e,13.0,False,27.0,0.0,3246.0,0.0,0.0,Ecco Sopie,True,D,144.0,S
6671_02,Mars,False,TRAPPIST-1e,31.0,False,1002.0,0.0,,0.0,0.0,Tot Mare,True,F,1279.0,S
1091_01,Mars,True,TRAPPIST-1e,35.0,False,0.0,0.0,0.0,0.0,0.0,Dills Miste,True,F,223.0,P
1792_01,Mars,False,TRAPPIST-1e,73.0,False,27.0,2.0,71.0,1208.0,0.0,Duckes Brazo,False,F,352.0,P
5794_01,Europa,False,TRAPPIST-1e,45.0,False,0.0,1202.0,149.0,1472.0,3379.0,Winopus Shoeweely,False,D,182.0,P
0423_01,Europa,False,TRAPPIST-1e,,False,8.0,3584.0,0.0,13.0,57.0,Syrmark Pumbody,True,B,19.0,P
1848_01,Earth,False,TRAPPIST-1e,,False,181.0,0.0,2.0,0.0,663.0,Hellia Gilleranks,False,G,291.0,S
5479_01,Earth,True,55 Cancri e,36.0,False,0.0,0.0,0.0,0.0,0.0,Timyra Romason,True,G,881.0,S
4943_01,Mars,True,TRAPPIST-1e,20.0,,0.0,0.0,0.0,0.0,0.0,Packs Curie,True,F,1009.0,P
1022_01,Earth,False,TRAPPIST-1e,15.0,,48.0,6.0,0.0,954.0,0.0,Melvia Blanglison,False,,,
4904_01,Earth,False,TRAPPIST-1e,44.0,False,2.0,0.0,0.0,788.0,0.0,Tamin Willynnedy,False,E,317.0,S
0415_01,Earth,True,TRAPPIST-1e,42.0,False,0.0,0.0,0.0,0.0,0.0,Iney Pierry,False,G,60.0,S
3163_01,Mars,False,TRAPPIST-1e,13.0,False,1007.0,0.0,142.0,295.0,0.0,Crin Vlart,False,F,656.0,P
1808_01,Earth,False,TRAPPIST-1e,33.0,False,0.0,763.0,8.0,2.0,30.0,Rician Pollarkeeks,False,F,346.0,S
2619_01,Earth,False,55 Cancri e,17.0,False,2000.0,0.0,0.0,0.0,0.0,Elaney Chanan,False,F,504.0,S
3361_02,Mars,True,TRAPPIST-1e,9.0,False,0.0,0.0,0.0,0.0,0.0,Bet Sinda,True,F,635.0,S
5975_01,Europa,True,55 Cancri e,43.0,False,0.0,0.0,0.0,0.0,0.0,Pherkab Sageng,True,E,380.0,P
1161_01,Europa,False,55 Cancri e,28.0,False,0.0,11330.0,72.0,43.0,461.0,Zanino Anderking,True,B,48.0,S
6444_01,Earth,,TRAPPIST-1e,19.0,False,0.0,0.0,0.0,0.0,0.0,Sandie Domington,False,G,1041.0,P
2006_01,Earth,False,TRAPPIST-1e,24.0,False,,856.0,0.0,0.0,5.0,Eriky Moorez,False,F,386.0,S
6398_01,Earth,True,55 Cancri e,23.0,False,0.0,0.0,0.0,0.0,0.0,Monald Belley,True,G,1030.0,P
1500_05,Earth,False,55 Cancri e,17.0,False,319.0,184.0,0.0,0.0,376.0,Irmark Barbes,False,F,288.0,S
3640_02,Earth,True,TRAPPIST-1e,41.0,False,0.0,0.0,0.0,0.0,0.0,Troya Schwardson,False,G,589.0,S
2310_01,Europa,True,55 Cancri e,60.0,False,0.0,0.0,0.0,0.0,0.0,Alaron Holiabler,True,D,68.0,P
1286_01,Mars,True,TRAPPIST-1e,10.0,False,0.0,0.0,0.0,0.0,0.0,Jackix Fache,True,F,248.0,S
6127_01,Europa,False,TRAPPIST-1e,27.0,False,551.0,1436.0,0.0,462.0,309.0,Axionif Crueld,False,E,404.0,S
3609_01,Europa,False,55 Cancri e,28.0,False,5.0,2052.0,0.0,3340.0,,Grumak Fralledic,False,C,118.0,P
1802_01,Earth,False,TRAPPIST-1e,33.0,False,0.0,0.0,2.0,787.0,1.0,Alley Brantuarez,False,E,109.0,P
3318_02,Europa,True,55 Cancri e,32.0,False,0.0,0.0,0.0,0.0,0.0,Azhab Openduave,True,B,123.0,S
0521_01,Earth,False,TRAPPIST-1e,23.0,False,39.0,263.0,0.0,0.0,,Hery Hornettoney,True,E,32.0,S
6360_01,Europa,False,TRAPPIST-1e,0.0,,0.0,0.0,0.0,0.0,0.0,Erraiam Clumsty,True,A,75.0,S
2274_02,Europa,True,55 Cancri e,28.0,False,0.0,0.0,0.0,0.0,0.0,Mino Shoeweely,True,C,79.0,P
0553_01,Europa,True,TRAPPIST-1e,40.0,False,0.0,0.0,0.0,0.0,0.0,Tope Valindle,True,C,19.0,P
5698_01,Earth,False,TRAPPIST-1e,14.0,False,0.0,0.0,325.0,247.0,305.0,Natha Mulley,False,F,1088.0,S
3254_01,Europa,False,TRAPPIST-1e,28.0,False,0.0,3315.0,0.0,594.0,85.0,Alphein Igmable,True,C,121.0,S
2104_01,Earth,False,TRAPPIST-1e,29.0,False,776.0,0.0,4.0,0.0,23.0,Sonard Bootez,False,F,414.0,S
1507_04,Earth,False,TRAPPIST-1e,21.0,False,398.0,490.0,0.0,,0.0,Kirky Jeffey,False,F,289.0,S
2268_01,Earth,True,TRAPPIST-1e,19.0,False,0.0,0.0,0.0,0.0,0.0,Camiet Mcbriggins,False,G,366.0,P
2162_02,Mars,False,TRAPPIST-1e,0.0,False,0.0,0.0,0.0,0.0,0.0,Hoces Graie,True,F,425.0,S
5879_01,Mars,True,TRAPPIST-1e,25.0,False,0.0,0.0,0.0,0.0,0.0,Whark Cooki,True,F,1122.0,S
2094_01,Mars,True,TRAPPIST-1e,21.0,False,0.0,0.0,0.0,0.0,0.0,Lles Buncy,True,F,415.0,P
5218_01,Earth,False,TRAPPIST-1e,28.0,False,0.0,0.0,0.0,525.0,1889.0,Leony Powery,False,F,1000.0,S
2414_01,Europa,False,TRAPPIST-1e,42.0,False,0.0,1829.0,2.0,3133.0,2447.0,Mergak Headfair,False,T,1.0,P
3315_01,Earth,,TRAPPIST-1e,15.0,False,10.0,0.0,99.0,,2031.0,,False,F,627.0,S
4756_02,Europa,True,55 Cancri e,54.0,False,0.0,0.0,,0.0,0.0,Beidus Gealloyalt,True,C,188.0,S
6503_01,Earth,False,TRAPPIST-1e,27.0,False,0.0,1.0,20.0,0.0,1363.0,Billia Mcfarley,False,F,1347.0,P
7340_01,Europa,False,TRAPPIST-1e,60.0,False,0.0,307.0,0.0,484.0,1967.0,Giedion Blanspe,False,E,475.0,P
0392_01,Earth,False,TRAPPIST-1e,48.0,False,0.0,111.0,0.0,1508.0,0.0,Ward Carreralend,False,E,24.0,P
3634_01,Earth,False,TRAPPIST-1e,29.0,False,25.0,692.0,0.0,0.0,1.0,Greggy Merce,True,E,242.0,S
6207_01,Mars,False,TRAPPIST-1e,31.0,False,915.0,0.0,1313.0,370.0,0.0,Rinkes Brity,False,F,1278.0,P
7113_02,Earth,False,55 Cancri e,23.0,False,9.0,1.0,0.0,492.0,109.0,Ivanne Simstravery,True,F,1361.0,S
6946_01,Earth,False,TRAPPIST-1e,70.0,False,28.0,0.0,0.0,672.0,104.0,Samany Buckson,False,F,1439.0,P
0533_01,Mars,False,TRAPPIST-1e,33.0,False,20.0,0.0,384.0,557.0,0.0,Tops Stike,False,D,21.0,P
1165_03,Europa,True,TRAPPIST-1e,29.0,False,0.0,0.0,0.0,0.0,0.0,Nusakab Waring,True,B,44.0,P
4610_01,Earth,False,TRAPPIST-1e,28.0,False,5.0,0.0,0.0,1014.0,0.0,Enryn Alfordonard,False,G,752.0,P
6199_01,Mars,True,TRAPPIST-1e,34.0,False,0.0,0.0,,0.0,0.0,Chrice Spien,True,E,412.0,S
0581_01,Earth,False,TRAPPIST-1e,22.0,False,0.0,0.0,601.0,183.0,4.0,Chael Woodgezalez,False,E,38.0,S
0863_02,Earth,False,TRAPPIST-1e,11.0,False,0.0,0.0,0.0,0.0,0.0,Lynez Walkerez,False,G,129.0,S
5193_01,Europa,False,TRAPPIST-1e,34.0,False,0.0,914.0,0.0,2433.0,647.0,Betenar Craing,True,C,202.0,S
1057_01,Europa,True,55 Cancri e,20.0,False,0.0,0.0,0.0,0.0,0.0,Cherkar Braned,True,C,39.0,P
6468_02,Mars,True,TRAPPIST-1e,8.0,False,0.0,0.0,0.0,0.0,0.0,Guans Crité,True,F,1339.0,P
2866_01,Europa,True,TRAPPIST-1e,36.0,True,0.0,0.0,0.0,0.0,0.0,Hadirk Wheededly,True,C,110.0,S
6582_01,Europa,False,55 Cancri e,25.0,False,0.0,1538.0,97.0,530.0,35.0,Sitron Platch,False,A,66.0,P
5300_01,Earth,True,55 Cancri e,51.0,False,0.0,0.0,0.0,0.0,0.0,Healle Klindsayer,True,G,864.0,S
5501_01,Earth,False,TRAPPIST-1e,35.0,False,702.0,104.0,5.0,76.0,0.0,Camily Alldson,True,G,885.0,S
6810_03,Mars,True,TRAPPIST-1e,16.0,False,,0.0,0.0,0.0,0.0,Cings Knik,True,,,
3714_01,Mars,,TRAPPIST-1e,45.0,False,48.0,1652.0,761.0,138.0,0.0,All Harta,False,F,702.0,S
0618_02,Earth,False,PSO J318.5-22,21.0,False,1.0,368.0,0.0,0.0,388.0,Troyce Yorkland,False,F,131.0,P
7082_01,Earth,False,TRAPPIST-1e,44.0,False,143.0,47.0,0.0,717.0,87.0,Benew Carezquez,False,E,473.0,S
2867_01,Mars,False,TRAPPIST-1e,41.0,False,71.0,0.0,1617.0,31.0,0.0,Smats Bane,False,D,89.0,P
6616_01,Earth,False,TRAPPIST-1e,20.0,False,2532.0,1.0,0.0,59.0,10.0,Janita Webstephrey,True,F,1377.0,P
4782_05,Europa,False,55 Cancri e,48.0,False,0.0,342.0,929.0,10887.0,0.0,Alrairk Maxled,False,C,189.0,S
6672_01,Mars,False,TRAPPIST-1e,1.0,False,0.0,0.0,0.0,0.0,0.0,Oafron Deva,True,F,1387.0,P
6885_01,Mars,True,TRAPPIST-1e,46.0,False,,0.0,0.0,0.0,0.0,Whee Vloaf,True,F,1316.0,S
3820_01,Mars,True,TRAPPIST-1e,21.0,False,0.0,0.0,0.0,0.0,0.0,Unchal Ecre,True,F,790.0,P
2224_01,Earth,False,TRAPPIST-1e,14.0,False,0.0,600.0,0.0,204.0,0.0,Dessie Polloantes,True,F,435.0,S
5876_01,Mars,False,TRAPPIST-1e,52.0,False,1364.0,131.0,444.0,0.0,0.0,Eles Cone,True,D,184.0,P
4989_01,Earth,False,TRAPPIST-1e,38.0,False,0.0,1.0,0.0,786.0,0.0,Inette Johnshines,False,E,310.0,P
2458_01,Earth,False,TRAPPIST-1e,21.0,False,31.0,93.0,578.0,0.0,0.0,Rald Mcphernard,True,F,511.0,P
4369_01,Earth,False,TRAPPIST-1e,19.0,False,857.0,0.0,0.0,0.0,0.0,Ermank Benderez,False,F,820.0,S
7118_01,Earth,False,PSO J318.5-22,17.0,False,0.0,1381.0,2.0,0.0,0.0,Jimmya Campson,False,F,1475.0,P
4362_01,Europa,False,TRAPPIST-1e,43.0,False,0.0,1947.0,0.0,0.0,1651.0,Altar Freednal,True,B,168.0,S
5684_01,,True,TRAPPIST-1e,33.0,False,0.0,0.0,0.0,0.0,0.0,Zaninon Busive,True,B,218.0,S
4723_01,Earth,False,55 Cancri e,17.0,False,0.0,262.0,0.0,0.0,502.0,Myrace Savaraldez,True,F,888.0,S
2426_02,Mars,True,TRAPPIST-1e,18.0,False,0.0,0.0,0.0,0.0,0.0,Kies Gine,True,F,466.0,S
6180_01,Earth,True,PSO J318.5-22,16.0,False,0.0,0.0,0.0,0.0,0.0,Benry Floways,True,G,1002.0,S
3747_04,Europa,True,55 Cancri e,18.0,False,0.0,0.0,0.0,0.0,0.0,Tabiton Ambleetive,True,B,118.0,P
4176_06,Mars,True,TRAPPIST-1e,13.0,False,0.0,0.0,0.0,0.0,0.0,Wafros Fla,True,F,859.0,P
5465_03,Mars,True,TRAPPIST-1e,6.0,False,0.0,0.0,0.0,0.0,0.0,Jacks Chité,True,F,1132.0,P
3499_02,Earth,False,TRAPPIST-1e,1.0,False,0.0,0.0,0.0,0.0,0.0,Yolace Clemondsey,True,G,574.0,P
5227_01,Earth,True,TRAPPIST-1e,13.0,False,0.0,0.0,0.0,0.0,0.0,Darlie Morrencis,True,G,849.0,S
7010_01,Earth,False,,16.0,False,418.0,195.0,100.0,88.0,90.0,Naomin Quinnerettt,False,G,1143.0,S
4047_01,Earth,True,TRAPPIST-1e,29.0,False,0.0,0.0,0.0,0.0,0.0,Ivanne Rivanseney,True,G,666.0,S
4030_03,Earth,False,TRAPPIST-1e,0.0,False,0.0,0.0,0.0,0.0,0.0,Gleney Carpennels,False,G,661.0,S
6547_01,Mars,False,55 Cancri e,21.0,False,861.0,0.0,310.0,0.0,0.0,Ale Pert,False,F,1358.0,P
4933_01,Mars,False,TRAPPIST-1e,4.0,False,0.0,0.0,0.0,0.0,0.0,Puffal Gin,True,F,938.0,S
2727_01,Earth,False,TRAPPIST-1e,32.0,False,0.0,9.0,11.0,784.0,63.0,Stany Hoopez,False,F,525.0,S
2658_01,Earth,False,TRAPPIST-1e,21.0,,366.0,1136.0,795.0,132.0,0.0,Craine Gentledges,False,F,549.0,P
1391_01,Mars,True,TRAPPIST-1e,13.0,False,0.0,0.0,0.0,0.0,0.0,Berios Apie,True,F,276.0,P
0017_02,Earth,False,55 Cancri e,14.0,False,412.0,0.0,1.0,0.0,679.0,Philda Brighttt,False,F,6.0,P
5808_01,Earth,False,TRAPPIST-1e,2.0,False,0.0,0.0,0.0,0.0,0.0,Keitha Josey,False,G,934.0,P
0081_01,Earth,True,TRAPPIST-1e,13.0,False,0.0,0.0,0.0,0.0,0.0,Dellie Vinozarks,False,G,13.0,S
0519_01,Earth,True,TRAPPIST-1e,,False,0.0,0.0,0.0,0.0,0.0,Ryany Farleyatton,True,G,77.0,S
3296_01,Earth,False,55 Cancri e,44.0,False,632.0,0.0,101.0,5.0,0.0,Ginia Villenson,True,F,624.0,S
2505_01,,False,TRAPPIST-1e,19.0,False,0.0,13.0,291.0,481.0,2.0,Dia Mckinn,False,E,149.0,P
1169_01,Mars,,TRAPPIST-1e,40.0,False,2357.0,0.0,9.0,0.0,0.0,Tifet Sin,False,F,221.0,S
3422_01,Europa,,55 Cancri e,18.0,False,0.0,0.0,0.0,0.0,0.0,Anchib Crakete,True,E,209.0,P
2167_01,Earth,False,PSO J318.5-22,20.0,False,38.0,220.0,495.0,0.0,,Weney Mckinn,False,F,431.0,P
3042_01,Earth,False,TRAPPIST-1e,30.0,False,0.0,0.0,301.0,0.0,437.0,Maya Mejiaddox,False,F,578.0,S
2607_02,Europa,True,TRAPPIST-1e,17.0,False,0.0,0.0,0.0,0.0,0.0,Zedark Brakepined,True,B,99.0,S
6745_01,Earth,False,PSO J318.5-22,28.0,False,545.0,0.0,501.0,0.0,0.0,Jimmyn Mcinton,False,F,1400.0,P
6087_01,Earth,False,TRAPPIST-1e,19.0,False,605.0,0.0,24.0,1.0,86.0,Nadie Rodger,False,F,1160.0,S
4944_02,Europa,False,55 Cancri e,58.0,False,0.0,3448.0,0.0,737.0,2193.0,Sular Ainserfle,False,A,60.0,S
4704_01,Europa,False,55 Cancri e,30.0,False,818.0,44.0,2.0,2956.0,2311.0,Grafi Grentual,False,D,156.0,P
4172_03,,True,TRAPPIST-1e,36.0,False,0.0,0.0,0.0,0.0,0.0,Chrets Flell,True,F,856.0,P
5320_01,Europa,True,55 Cancri e,31.0,False,0.0,0.0,0.0,0.0,0.0,Errima Callower,True,E,330.0,P
3116_01,Earth,False,TRAPPIST-1e,20.0,False,127.0,0.0,656.0,0.0,21.0,Jaye Mcguirez,False,F,645.0,P
6580_01,Earth,False,TRAPPIST-1e,56.0,False,0.0,605.0,0.0,179.0,0.0,Benry Peterstarks,False,G,1066.0,P
3272_01,Earth,,TRAPPIST-1e,40.0,False,0.0,0.0,895.0,0.0,0.0,Clarry Kellynn,True,G,518.0,S
5213_01,Earth,False,TRAPPIST-1e,25.0,False,10.0,0.0,908.0,5.0,0.0,Nathy Pottley,True,F,1064.0,P
3103_01,Europa,False,TRAPPIST-1e,52.0,True,0.0,7452.0,0.0,1158.0,7979.0,Aldibah Baleful,False,B,102.0,P
4107_01,Earth,False,TRAPPIST-1e,23.0,False,0.0,0.0,489.0,5.0,276.0,Bobbyn Rocholton,False,G,676.0,S
1636_01,Earth,False,TRAPPIST-1e,41.0,False,139.0,666.0,6.0,71.0,25.0,Daisya Connelson,False,G,254.0,S
0714_03,Earth,False,,12.0,False,0.0,0.0,,0.0,0.0,Sony Rilley,True,G,109.0,P
6680_01,Earth,False,TRAPPIST-1e,36.0,False,,361.0,512.0,34.0,0.0,Letta Puckley,True,G,1082.0,P
4464_01,Earth,False,TRAPPIST-1e,21.0,False,0.0,0.0,0.0,0.0,0.0,Sharie Morrodgers,False,G,728.0,S
2281_01,Earth,False,TRAPPIST-1e,6.0,False,0.0,0.0,0.0,0.0,0.0,Rica Hoppers,True,E,136.0,P
1452_04,Europa,False,TRAPPIST-1e,33.0,False,0.0,774.0,0.0,6255.0,6.0,Hamak Distured,False,C,53.0,P
1503_02,Mars,False,TRAPPIST-1e,61.0,False,1114.0,0.0,68.0,0.0,0.0,Wat Haste,False,D,48.0,P
5080_01,Earth,False,,21.0,False,1.0,0.0,143.0,558.0,1.0,Herina Buckeelez,False,F,969.0,S
4413_01,Earth,False,TRAPPIST-1e,33.0,False,0.0,0.0,232.0,0.0,622.0,Loria Sweekstarks,False,G,722.0,S
2345_01,Earth,True,PSO J318.5-22,53.0,False,0.0,,0.0,0.0,0.0,Evane Brightez,False,G,378.0,S
2722_01,Mars,True,55 Cancri e,25.0,False,0.0,0.0,0.0,0.0,0.0,Frunch Sutte,True,D,93.0,S
7338_01,Mars,False,TRAPPIST-1e,42.0,False,1318.0,0.0,1386.0,,,Jumars Colte,False,D,233.0,P
3363_01,Earth,False,TRAPPIST-1e,20.0,False,1.0,52.0,533.0,0.0,1022.0,Caseya Leeves,False,E,205.0,P
4890_01,Earth,False,55 Cancri e,10.0,False,0.0,0.0,0.0,0.0,0.0,Rone Browlerson,True,G,795.0,S
1677_01,Earth,False,TRAPPIST-1e,19.0,False,5.0,87.0,0.0,0.0,,Warry Robins,False,E,103.0,P
6992_03,Earth,True,TRAPPIST-1e,27.0,False,0.0,0.0,0.0,0.0,0.0,Murie Bakerrison,True,G,1131.0,P
3417_01,,False,TRAPPIST-1e,28.0,False,0.0,1376.0,4.0,0.0,0.0,Denis Fisheparks,True,F,703.0,P
2024_01,,False,TRAPPIST-1e,0.0,False,0.0,0.0,0.0,0.0,0.0,Ellard Kinson,True,G,322.0,S
3515_01,Mars,True,TRAPPIST-1e,37.0,False,0.0,0.0,0.0,0.0,0.0,Repart Purte,False,F,725.0,P
5780_03,Europa,True,55 Cancri e,21.0,False,0.0,0.0,0.0,0.0,0.0,Betenar Ousious,True,B,195.0,P
3279_03,Europa,True,TRAPPIST-1e,28.0,False,0.0,0.0,0.0,0.0,0.0,Antinon Whifounrew,True,C,123.0,S
2809_01,Earth,True,TRAPPIST-1e,41.0,False,0.0,0.0,0.0,0.0,0.0,Dianie Ellahan,True,G,453.0,P
1897_02,Europa,False,TRAPPIST-1e,38.0,False,0.0,354.0,0.0,1806.0,0.0,Arino Gocent,True,C,72.0,S
4880_01,Earth,False,55 Cancri e,22.0,False,126.0,3.0,0.0,1305.0,0.0,Yvonna Alberts,False,G,787.0,P
5372_01,Mars,False,TRAPPIST-1e,38.0,False,,0.0,363.0,7.0,3.0,Cings Mith,False,E,342.0,S
5811_02,Europa,False,55 Cancri e,46.0,False,35.0,3953.0,0.0,2108.0,0.0,Sadlam Fulatorly,True,A,54.0,P
4797_01,Earth,True,PSO J318.5-22,16.0,False,0.0,0.0,0.0,0.0,0.0,Aude Hendrewsons,True,G,783.0,S
3110_01,Earth,False,TRAPPIST-1e,24.0,False,520.0,0.0,0.0,195.0,0.0,Dandra Joyneidez,True,G,509.0,P
1723_01,Earth,False,TRAPPIST-1e,15.0,,852.0,0.0,0.0,135.0,0.0,Ivaney Holcompson,False,E,128.0,S
1719_01,Earth,True,TRAPPIST-1e,13.0,False,0.0,0.0,,0.0,0.0,Kerryn Savaraldez,False,G,278.0,P
2212_01,Earth,False,TRAPPIST-1e,50.0,False,0.0,5.0,0.0,2170.0,0.0,Ebonyd Swanardy,False,F,445.0,P
3453_01,Earth,True,TRAPPIST-1e,21.0,False,0.0,0.0,0.0,0.0,0.0,Teremy Hamcmahon,False,G,567.0,P
4469_02,Europa,False,55 Cancri e,43.0,False,0.0,39.0,327.0,4643.0,85.0,Coxan Windend,False,B,146.0,P
4309_01,Earth,False,TRAPPIST-1e,37.0,False,0.0,0.0,785.0,3.0,0.0,Coracy Whitledges,False,E,270.0,P
5060_02,Europa,True,TRAPPIST-1e,14.0,False,0.0,0.0,0.0,0.0,0.0,Instan Honatte,True,C,157.0,P
5847_01,Earth,False,TRAPPIST-1e,33.0,False,36.0,0.0,0.0,1415.0,0.0,Olly Trankliney,False,F,1115.0,S
5648_01,Europa,False,55 Cancri e,27.0,False,332.0,918.0,0.0,5.0,4817.0,Edaruma Braned,False,C,179.0,P
4733_01,Earth,False,TRAPPIST-1e,20.0,False,962.0,0.0,4581.0,105.0,0.0,Sonald Corman,True,E,294.0,P
0076_01,Mars,False,TRAPPIST-1e,27.0,False,147.0,0.0,1018.0,0.0,0.0,Conk Dal,True,F,18.0,S
3803_01,Mars,False,TRAPPIST-1e,33.0,False,25.0,0.0,1376.0,604.0,0.0,Sts Welte,False,F,782.0,P
2907_01,Earth,False,TRAPPIST-1e,25.0,False,0.0,9.0,2005.0,0.0,5.0,Paulah Weavesend,True,F,552.0,S
0932_01,Mars,True,TRAPPIST-1e,29.0,False,0.0,0.0,0.0,0.0,0.0,Boats Pette,True,,,
4112_01,Earth,True,TRAPPIST-1e,28.0,False,0.0,0.0,0.0,0.0,0.0,Shany Rasmussony,True,G,678.0,S
5963_01,Mars,False,55 Cancri e,23.0,False,112.0,1184.0,143.0,2.0,585.0,Poloos Bane,False,F,1228.0,P
4836_02,Mars,False,TRAPPIST-1e,29.0,True,20.0,,1902.0,0.0,3.0,Quid Sidne,True,F,911.0,S
6227_01,Earth,False,PSO J318.5-22,50.0,False,199.0,0.0,182.0,0.0,,Philda Cookson,False,F,1192.0,S
2123_02,Earth,True,PSO J318.5-22,14.0,False,0.0,0.0,0.0,0.0,0.0,France Johnsondez,True,G,342.0,P
2444_01,Earth,False,55 Cancri e,43.0,False,6.0,236.0,3.0,448.0,54.0,Benew Pentss,False,F,506.0,P
5021_01,Europa,False,TRAPPIST-1e,41.0,False,4.0,4619.0,0.0,251.0,213.0,Celavar Fulacid,True,B,167.0,P
0732_01,Earth,False,TRAPPIST-1e,19.0,False,0.0,714.0,2.0,0.0,0.0,Jilla Bairdford,False,,,
0736_01,Earth,False,TRAPPIST-1e,23.0,False,0.0,0.0,484.0,188.0,0.0,Lerion Mcbritts,False,F,156.0,P
4713_01,Earth,False,TRAPPIST-1e,20.0,False,0.0,0.0,111.0,39.0,1094.0,Lorian Flemaney,False,F,885.0,S
1731_01,Earth,True,PSO J318.5-22,17.0,False,0.0,0.0,0.0,0.0,0.0,Alfrey Santry,True,G,281.0,P
3952_01,Earth,False,TRAPPIST-1e,51.0,False,0.0,0.0,0.0,544.0,12.0,Earlie Rodricker,False,F,746.0,S
2183_01,Mars,False,PSO J318.5-22,46.0,False,607.0,0.0,41.0,334.0,251.0,Cheeet Ruity,False,F,429.0,S
6073_01,Mars,True,55 Cancri e,26.0,False,0.0,0.0,0.0,0.0,0.0,Bubbix Sau,True,F,1156.0,S
2131_01,Earth,False,TRAPPIST-1e,26.0,False,0.0,,0.0,91.0,900.0,Terrie Mayder,False,E,128.0,P
2055_01,Earth,False,TRAPPIST-1e,,False,0.0,0.0,0.0,0.0,0.0,Belly Woodwinez,False,G,330.0,P
6200_03,Europa,False,55 Cancri e,25.0,False,2026.0,4929.0,0.0,1179.0,10270.0,Genubia Duckil,False,B,238.0,S
6864_02,Europa,True,55 Cancri e,25.0,,0.0,0.0,0.0,0.0,0.0,Phamark Scoudelle,True,A,71.0,P
1434_02,Earth,False,TRAPPIST-1e,0.0,False,0.0,0.0,0.0,0.0,0.0,Hughan Cartez,True,,,
2451_01,,True,PSO J318.5-22,16.0,False,0.0,0.0,0.0,0.0,0.0,Valey Currisones,False,G,395.0,S
4127_01,Europa,,TRAPPIST-1e,23.0,False,0.0,0.0,0.0,0.0,,Dsch Ainserfle,True,B,130.0,P
2003_01,Earth,False,TRAPPIST-1e,19.0,,3.0,6.0,20.0,60.0,719.0,Viviay Oconley,False,G,323.0,P
3779_01,Earth,False,TRAPPIST-1e,24.0,False,1.0,677.0,13.0,10.0,0.0,Ambert Tranciams,True,F,714.0,S
5924_01,Earth,False,TRAPPIST-1e,51.0,False,152.0,55.0,25.0,74.0,289.0,Nelley Brantuarez,False,F,1225.0,P
5160_01,Earth,False,TRAPPIST-1e,37.0,False,732.0,,,156.0,0.0,Ricke Hayersents,False,G,832.0,P
0871_01,Europa,False,TRAPPIST-1e,20.0,False,2.0,4754.0,0.0,246.0,31.0,Polar Geneltic,True,A,10.0,S
1520_01,Earth,True,TRAPPIST-1e,40.0,False,0.0,0.0,0.0,0.0,0.0,Harrie Klindsey,True,G,235.0,S
4581_01,Europa,False,TRAPPIST-1e,33.0,False,0.0,4592.0,0.0,209.0,954.0,Skatzn Entedraved,True,B,181.0,S
3897_01,Earth,True,TRAPPIST-1e,25.0,False,0.0,0.0,0.0,0.0,0.0,Elson Peckers,False,G,635.0,P
0794_01,Mars,,55 Cancri e,19.0,False,0.0,0.0,0.0,0.0,0.0,Nakes Dutte,True,F,144.0,S
4390_01,Mars,True,TRAPPIST-1e,8.0,False,0.0,0.0,0.0,0.0,0.0,Jayrin Vloaf,True,F,903.0,P
7280_01,Mars,False,TRAPPIST-1e,34.0,False,5959.0,0.0,3.0,0.0,0.0,Pix Stike,False,F,1508.0,P
6030_05,Earth,True,TRAPPIST-1e,15.0,False,0.0,0.0,,0.0,0.0,Mollen Ellson,True,G,981.0,S
6736_01,Mars,False,,33.0,False,1373.0,0.0,23.0,920.0,6.0,Frunk Erry,True,D,203.0,S
5906_01,Earth,False,,51.0,False,0.0,0.0,207.0,347.0,262.0,Dwin Santin,False,G,957.0,P
5282_01,Earth,False,TRAPPIST-1e,35.0,False,35.0,0.0,14.0,0.0,816.0,Florey Torrez,True,E,337.0,S
0644_01,Europa,True,TRAPPIST-1e,33.0,False,0.0,0.0,0.0,0.0,0.0,Hadlam Prucerod,True,E,38.0,P
2060_01,,False,55 Cancri e,22.0,False,1430.0,0.0,0.0,0.0,423.0,Anniey Baketton,False,G,327.0,S
2134_01,Mars,False,TRAPPIST-1e,20.0,False,1146.0,0.0,0.0,0.0,3.0,Mes Pimne,False,F,422.0,P
6058_01,Mars,False,55 Cancri e,18.0,False,2904.0,5.0,50.0,0.0,9.0,Yaphex Ecart,False,F,1253.0,P
5527_03,Earth,True,TRAPPIST-1e,49.0,False,,0.0,0.0,0.0,0.0,,False,G,886.0,P
6624_01,Earth,False,TRAPPIST-1e,44.0,False,1175.0,0.0,13.0,642.0,498.0,Oraryn Prickmantes,False,G,1071.0,P
6906_01,Mars,False,TRAPPIST-1e,35.0,False,1719.0,4389.0,1015.0,0.0,14.0,Elix Pelte,True,F,1432.0,P
2196_04,Europa,False,55 Cancri e,42.0,False,0.0,1180.0,0.0,2677.0,283.0,Alrairk Veriedeezy,False,B,65.0,P
6787_03,Earth,False,TRAPPIST-1e,17.0,False,108.0,4.0,1898.0,13.0,0.0,Therta Hurchanney,False,F,1411.0,P
2310_02,Europa,True,TRAPPIST-1e,56.0,False,0.0,0.0,0.0,0.0,0.0,Geons Holiabler,True,D,68.0,P
5181_01,Europa,,TRAPPIST-1e,48.0,False,0.0,0.0,0.0,0.0,0.0,Minkark Motled,True,B,175.0,P
0602_03,Mars,True,TRAPPIST-1e,21.0,False,0.0,0.0,0.0,0.0,0.0,Rana Brine,True,F,125.0,P
4483_02,Mars,False,TRAPPIST-1e,63.0,False,3087.0,0.0,60.0,2.0,0.0,Fowoos Tepie,False,D,151.0,P
2404_04,,True,TRAPPIST-1e,44.0,False,0.0,0.0,0.0,0.0,0.0,Dira Disheract,True,C,86.0,S
3114_01,Mars,False,TRAPPIST-1e,50.0,False,1598.0,0.0,155.0,26.0,0.0,Yapich Sad,False,D,97.0,P
5027_01,Earth,False,55 Cancri e,41.0,False,4.0,737.0,0.0,51.0,0.0,Noria Kiddley,False,E,321.0,S
2795_02,Europa,False,TRAPPIST-1e,42.0,False,0.0,802.0,0.0,2622.0,671.0,Bottom Brantcable,False,C,103.0,S
1873_01,Earth,True,TRAPPIST-1e,30.0,False,0.0,,0.0,0.0,0.0,Shalle Barrison,True,G,293.0,S
2083_01,Earth,False,TRAPPIST-1e,24.0,False,121.0,20.0,0.0,68.0,506.0,Wen Gibbsonton,False,F,407.0,S
5063_01,Earth,False,TRAPPIST-1e,18.0,False,,794.0,16.0,0.0,0.0,Kennie Solinez,True,G,830.0,S
2073_01,Earth,False,TRAPPIST-1e,23.0,False,177.0,0.0,7.0,0.0,448.0,Landa Rivanseney,False,F,401.0,S
5613_01,Earth,False,TRAPPIST-1e,32.0,False,125.0,874.0,0.0,180.0,1.0,Leene Hardonald,True,F,1072.0,S
2280_01,Europa,False,TRAPPIST-1e,18.0,False,20.0,1064.0,0.0,0.0,11643.0,Lesat Femoused,False,B,92.0,S
3287_03,Earth,False,55 Cancri e,18.0,False,0.0,,14.0,625.0,0.0,Therie Carlsonney,False,F,621.0,S
3537_01,Earth,False,55 Cancri e,29.0,False,0.0,10.0,0.0,0.0,715.0,Adriet Drakeekss,False,F,733.0,P
5535_02,Earth,False,TRAPPIST-1e,0.0,False,0.0,0.0,0.0,0.0,0.0,Meline Arner,True,G,893.0,S
3348_01,Earth,False,TRAPPIST-1e,32.0,False,180.0,25.0,584.0,0.0,0.0,Julies Bradlerson,False,E,225.0,S
4643_01,Earth,False,TRAPPIST-1e,36.0,False,,724.0,0.0,0.0,0.0,Sandie Goodson,True,F,947.0,P
5431_01,Earth,False,55 Cancri e,33.0,False,2.0,0.0,0.0,,720.0,Joycey Wheelez,True,E,350.0,S
6017_01,Mars,True,TRAPPIST-1e,34.0,False,0.0,0.0,0.0,0.0,0.0,Cappe Manie,True,F,1144.0,S
3476_02,Earth,False,55 Cancri e,0.0,False,0.0,0.0,0.0,0.0,0.0,Carly Burksson,True,G,571.0,P
4316_01,Earth,False,PSO J318.5-22,,False,0.0,22.0,0.0,1156.0,0.0,Marace Cleang,False,F,894.0,P
1326_01,Mars,False,TRAPPIST-1e,30.0,False,1450.0,0.0,,0.0,1147.0,Wales Gelte,False,F,257.0,S
2445_01,Earth,False,,43.0,False,602.0,3.0,27.0,89.0,69.0,Sanney Lerez,False,E,170.0,S
6568_01,Earth,False,55 Cancri e,36.0,False,695.0,,0.0,0.0,0.0,Ianya Jacostaney,False,F,1366.0,P
5105_01,Earth,True,PSO J318.5-22,16.0,False,0.0,0.0,0.0,0.0,0.0,Holey Sullones,True,,,
2311_01,Earth,False,TRAPPIST-1e,33.0,False,0.0,763.0,1.0,66.0,84.0,Elsane Cabrewsond,False,G,372.0,P
1709_07,Mars,False,TRAPPIST-1e,19.0,False,285.0,54.0,1246.0,102.0,0.0,Cocowl Minen,False,F,326.0,S
1762_02,Earth,False,,15.0,False,104.0,,0.0,174.0,253.0,Thery Casez,False,G,275.0,S
2968_01,Earth,True,TRAPPIST-1e,43.0,False,0.0,,0.0,0.0,0.0,Evendy Sosalinson,True,G,485.0,P
7127_02,Europa,True,TRAPPIST-1e,31.0,False,0.0,0.0,,0.0,0.0,Okulk Belstrut,True,B,237.0,P
3501_01,Mars,False,TRAPPIST-1e,32.0,False,1272.0,0.0,1103.0,9.0,0.0,Swaffs Paste,False,,,
1906_01,Earth,True,TRAPPIST-1e,14.0,False,0.0,0.0,0.0,0.0,0.0,Claura Booneid,False,G,299.0,S
4831_01,Mars,True,TRAPPIST-1e,21.0,False,0.0,0.0,0.0,0.0,0.0,Weros Pelie,True,F,984.0,P
0257_01,Mars,False,55 Cancri e,21.0,False,1664.0,0.0,,0.0,0.0,Errohs Berte,False,F,49.0,S
4109_01,Earth,False,TRAPPIST-1e,19.0,False,169.0,399.0,,97.0,0.0,Karlie Beangley,True,F,843.0,P
3911_02,Earth,False,TRAPPIST-1e,20.0,False,9.0,0.0,1462.0,94.0,54.0,France Pentss,True,E,260.0,S
3608_02,Europa,True,TRAPPIST-1e,16.0,False,0.0,0.0,0.0,0.0,0.0,Alhail Mormonized,True,D,122.0,P
3470_02,Earth,True,55 Cancri e,16.0,False,0.0,0.0,0.0,0.0,0.0,Carma Byerry,True,G,563.0,S
5993_01,Mars,True,TRAPPIST-1e,27.0,False,0.0,0.0,0.0,0.0,0.0,Jetax Jaf,True,E,394.0,S
6468_04,Mars,False,TRAPPIST-1e,32.0,True,1179.0,0.0,4.0,0.0,0.0,Unchal Crité,False,D,204.0,P
6472_02,Europa,True,55 Cancri e,13.0,False,0.0,0.0,0.0,0.0,0.0,Cellah Steary,True,B,250.0,S
5989_01,,False,TRAPPIST-1e,20.0,False,0.0,0.0,,703.0,0.0,Darrie Holcompton,False,F,1141.0,S
1287_02,Mars,True,55 Cancri e,4.0,False,0.0,0.0,0.0,,0.0,,True,F,259.0,P
4515_01,Earth,False,TRAPPIST-1e,0.0,False,0.0,0.0,0.0,0.0,0.0,Lynnie Fryersonis,False,G,739.0,P
5827_01,Earth,False,TRAPPIST-1e,53.0,False,0.0,68.0,0.0,920.0,4.0,Anthia Willangsey,True,G,945.0,S
6931_01,Europa,True,55 Cancri e,37.0,False,0.0,0.0,0.0,0.0,0.0,Spurin Amonsmane,True,C,222.0,P
4661_03,Earth,True,TRAPPIST-1e,4.0,False,0.0,0.0,0.0,0.0,0.0,Fery Walston,True,G,757.0,P
5278_01,Europa,True,55 Cancri e,37.0,False,0.0,0.0,0.0,0.0,0.0,Menkin Subateful,True,B,203.0,S
3883_02,Europa,False,TRAPPIST-1e,38.0,False,0.0,3060.0,0.0,4.0,2325.0,Mesarga Unreezy,False,B,150.0,S
3868_05,Earth,False,55 Cancri e,16.0,False,0.0,0.0,623.0,40.0,209.0,Darry Braymon,True,F,731.0,S
7252_01,Mars,False,TRAPPIST-1e,22.0,False,100.0,0.0,1050.0,0.0,23.0,Diedow Sacy,False,E,466.0,P
4388_01,Europa,False,TRAPPIST-1e,33.0,False,0.0,0.0,0.0,0.0,0.0,,True,B,171.0,S
3336_01,Mars,True,TRAPPIST-1e,60.0,False,0.0,0.0,0.0,0.0,0.0,Heat Tirt,True,F,693.0,P
1387_01,Mars,False,TRAPPIST-1e,31.0,False,1088.0,0.0,280.0,0.0,0.0,Trise Hacle,False,E,85.0,P
2712_01,Europa,True,TRAPPIST-1e,44.0,False,0.0,0.0,0.0,0.0,0.0,Mothab Doorge,True,B,105.0,S
6944_01,Europa,True,TRAPPIST-1e,29.0,False,0.0,0.0,0.0,0.0,0.0,Alzird Gented,True,C,223.0,P
0671_01,Earth,True,PSO J318.5-22,46.0,False,0.0,0.0,0.0,0.0,0.0,Veroy Santry,True,G,102.0,P
0254_01,Earth,False,TRAPPIST-1e,21.0,False,702.0,172.0,408.0,2.0,6.0,Race Stenson,True,F,54.0,P
1038_01,Earth,False,TRAPPIST-1e,47.0,False,0.0,306.0,84.0,499.0,0.0,Naomie Knoxonway,False,G,163.0,S
6238_01,Mars,True,TRAPPIST-1e,26.0,False,0.0,0.0,0.0,0.0,0.0,Chios Mity,True,F,1196.0,S
4532_01,Earth,True,TRAPPIST-1e,30.0,False,0.0,0.0,0.0,0.0,0.0,Lynez Serraynardy,True,G,739.0,S
3716_01,Earth,False,TRAPPIST-1e,18.0,False,18.0,2.0,1769.0,1.0,2.0,Fredy Batestonley,True,G,603.0,P
4350_02,Earth,False,PSO J318.5-22,39.0,False,0.0,0.0,1.0,0.0,2330.0,Darrie Strongers,False,G,709.0,S
6096_01,Mars,False,TRAPPIST-1e,41.0,False,239.0,1.0,1048.0,0.0,0.0,Berk Wooes,True,F,1162.0,S
6816_05,Earth,True,55 Cancri e,0.0,False,0.0,0.0,0.0,0.0,0.0,Lerion Ewiseston,False,G,1108.0,P
5953_01,Mars,False,TRAPPIST-1e,13.0,False,157.0,0.0,1199.0,0.0,14.0,Emoles Graie,False,E,390.0,S
6649_01,Earth,False,TRAPPIST-1e,16.0,False,,0.0,265.0,0.0,0.0,Andan Wartyson,False,F,1274.0,S
6363_01,Earth,True,TRAPPIST-1e,36.0,False,0.0,0.0,0.0,0.0,0.0,Denis Gouldensen,False,,,
4181_06,Europa,False,55 Cancri e,41.0,True,0.0,9463.0,0.0,1022.0,1562.0,Ranan Frattyring,True,C,133.0,P
7177_01,Earth,False,TRAPPIST-1e,38.0,,102.0,12.0,14.0,669.0,0.0,Curtle Medington,False,F,1380.0,S
0472_01,Earth,False,PSO J318.5-22,37.0,False,0.0,10.0,544.0,9.0,299.0,Stene Solinez,False,F,87.0,S
0614_01,Earth,False,TRAPPIST-1e,34.0,False,0.0,0.0,0.0,,0.0,Feline Carterson,True,G,91.0,S
5085_01,Earth,False,TRAPPIST-1e,20.0,False,0.0,15.0,455.0,95.0,0.0,Alie Grahangory,True,F,970.0,S
3645_02,Mars,True,TRAPPIST-1e,,False,0.0,0.0,0.0,0.0,0.0,Skies Pepie,True,D,124.0,P
0051_01,Earth,False,TRAPPIST-1e,56.0,False,0.0,112.0,0.0,1379.0,127.0,Vivia Johnshines,False,E,2.0,S
6139_06,Europa,True,55 Cancri e,37.0,False,0.0,0.0,0.0,0.0,0.0,Alphact Reedall,True,C,230.0,S
6748_03,Mars,False,TRAPPIST-1e,25.0,False,1610.0,29.0,6.0,0.0,0.0,Gut Scake,False,F,1289.0,S
6490_03,Europa,False,55 Cancri e,27.0,False,0.0,6924.0,849.0,149.0,1166.0,Tabiton Ightive,True,C,201.0,P
6047_01,Earth,False,PSO J318.5-22,35.0,False,508.0,0.0,0.0,57.0,243.0,Sanney Russon,True,G,985.0,S
5288_01,Earth,False,,36.0,False,1.0,716.0,3.0,0.0,57.0,Thell Masquez,True,F,1081.0,P
6563_01,Earth,False,TRAPPIST-1e,21.0,False,0.0,0.0,845.0,4.0,470.0,Stenny Gainney,True,F,1254.0,S
3735_02,Europa,False,55 Cancri e,30.0,False,0.0,787.0,116.0,1924.0,2.0,Shail Reeddommy,False,D,119.0,S
7045_01,Mars,False,55 Cancri e,19.0,False,1043.0,0.0,138.0,0.0,0.0,Range Bara,False,D,222.0,P
1542_01,Mars,False,TRAPPIST-1e,13.0,False,7172.0,0.0,157.0,20.0,0.0,Tot Seche,False,F,299.0,S
7092_01,Earth,False,TRAPPIST-1e,24.0,False,61.0,397.0,185.0,1.0,0.0,Sall Gaineyerson,True,F,1470.0,P
3911_01,,False,TRAPPIST-1e,41.0,False,6.0,1.0,11.0,1046.0,0.0,Billa Petermandez,False,F,736.0,S
5545_03,Earth,True,TRAPPIST-1e,0.0,False,0.0,0.0,0.0,0.0,0.0,Nance Rigginsen,True,G,894.0,S
4044_01,Mars,False,TRAPPIST-1e,32.0,False,536.0,0.0,736.0,118.0,0.0,Jackix Can,False,F,765.0,S
0642_03,Europa,False,TRAPPIST-1e,79.0,False,0.0,0.0,0.0,2210.0,2.0,Chabik Kiling,False,C,25.0,S
6529_01,Earth,True,PSO J318.5-22,21.0,False,0.0,0.0,0.0,0.0,0.0,Davis Williotters,True,G,1063.0,S
6351_01,Earth,False,55 Cancri e,14.0,False,0.0,973.0,0.0,1.0,0.0,France Mirezavis,True,E,403.0,P
4336_04,Europa,False,55 Cancri e,40.0,False,2320.0,0.0,4874.0,3131.0,498.0,Krazet Gloother,True,C,155.0,S
2552_02,Earth,False,55 Cancri e,7.0,False,0.0,0.0,0.0,0.0,,Dorice Vincenton,True,G,408.0,S
3997_01,Earth,False,55 Cancri e,25.0,False,0.0,83.0,0.0,439.0,0.0,Aliedy Yanton,False,G,657.0,S
0770_03,Earth,,TRAPPIST-1e,54.0,False,0.0,0.0,0.0,0.0,0.0,Hughy Mclardson,False,G,117.0,S
4129_01,Earth,False,TRAPPIST-1e,23.0,False,15.0,1.0,777.0,3.0,3.0,Kyley Matts,False,F,847.0,P
3200_01,Earth,False,TRAPPIST-1e,40.0,False,4.0,11.0,669.0,0.0,773.0,Brie Flynney,False,F,669.0,P
1746_01,Mars,True,TRAPPIST-1e,50.0,False,0.0,0.0,0.0,0.0,0.0,Clers Bache,True,F,331.0,S
4315_02,Earth,,TRAPPIST-1e,20.0,False,0.0,0.0,0.0,0.0,0.0,Monard Hammonton,True,G,710.0,P
5089_02,Europa,False,TRAPPIST-1e,19.0,False,0.0,3750.0,0.0,0.0,41.0,Celeon Aivering,True,B,170.0,P
4595_01,Europa,True,TRAPPIST-1e,25.0,False,0.0,0.0,0.0,0.0,0.0,Alarion Swingse,True,C,145.0,P
4189_01,Earth,False,55 Cancri e,17.0,False,558.0,0.0,3.0,0.0,1226.0,Wayney Petermandez,False,G,686.0,S
4465_03,Europa,False,TRAPPIST-1e,28.0,False,0.0,1883.0,0.0,1.0,4560.0,Gemmark Diabysid,False,A,54.0,S
6981_01,Earth,False,PSO J318.5-22,41.0,False,0.0,0.0,0.0,0.0,628.0,Joanny Cainghannon,False,F,1332.0,S
1844_01,Earth,False,PSO J318.5-22,38.0,False,0.0,0.0,0.0,0.0,1381.0,Andan Stannondez,False,F,355.0,S
6741_02,Earth,,PSO J318.5-22,18.0,,103.0,0.0,181.0,1611.0,22.0,Jeandy Reyersendry,False,F,1286.0,S
5365_01,Earth,False,TRAPPIST-1e,60.0,False,943.0,53.0,0.0,0.0,0.0,Pristy Whiters,False,E,337.0,P
2234_03,Mars,False,TRAPPIST-1e,19.0,False,0.0,0.0,0.0,0.0,0.0,Apench Flité,False,E,134.0,P
4231_01,Earth,False,55 Cancri e,24.0,False,0.0,0.0,1435.0,10.0,0.0,Therly Scottuez,True,F,791.0,S
1633_01,Earth,True,TRAPPIST-1e,4.0,False,0.0,0.0,0.0,0.0,,Ferry Thony,True,G,261.0,P
4625_07,Europa,True,55 Cancri e,29.0,False,0.0,0.0,0.0,0.0,0.0,Sadiram Ineedeve,True,B,183.0,S
6977_02,Earth,False,TRAPPIST-1e,38.0,False,0.0,806.0,3.0,0.0,0.0,Jeret Burker,True,G,1137.0,S
1149_01,Earth,False,55 Cancri e,8.0,False,0.0,0.0,0.0,0.0,0.0,Lyne Logannon,True,G,178.0,S
2207_01,Earth,False,TRAPPIST-1e,20.0,False,546.0,0.0,228.0,0.0,0.0,Andine Hales,False,G,354.0,S
5176_01,Earth,False,TRAPPIST-1e,23.0,False,576.0,207.0,0.0,0.0,9.0,Helle Sawyerson,False,E,323.0,P
3783_01,Earth,False,55 Cancri e,51.0,False,183.0,0.0,1.0,0.0,1103.0,Hilly Wolffy,False,F,780.0,P
1188_01,Europa,False,TRAPPIST-1e,58.0,False,204.0,4227.0,0.0,3026.0,61.0,Genubi Sorticbar,False,C,46.0,P
5051_01,Mars,False,TRAPPIST-1e,49.0,False,1176.0,0.0,20.0,103.0,0.0,Tous Flité,False,E,324.0,S
6744_02,Mars,False,TRAPPIST-1e,38.0,False,1717.0,16.0,39.0,0.0,48.0,Ane Nan,False,F,1399.0,P
4543_01,Mars,False,PSO J318.5-22,20.0,True,14.0,0.0,59.0,1777.0,0.0,Quakes Winie,False,F,936.0,P
7006_01,,True,PSO J318.5-22,16.0,False,0.0,0.0,0.0,0.0,0.0,Tammyl Fuenton,True,G,1142.0,S
3535_01,Mars,False,TRAPPIST-1e,36.0,False,1304.0,0.0,7.0,18.0,0.0,Clow Porki,False,,,
5761_01,Europa,True,TRAPPIST-1e,55.0,False,0.0,0.0,0.0,0.0,0.0,Weino Icablebat,True,B,220.0,S
5679_03,Earth,True,TRAPPIST-1e,20.0,False,0.0,0.0,0.0,0.0,0.0,Jennya Casonston,True,G,920.0,S
2900_01,Mars,True,TRAPPIST-1e,26.0,False,0.0,0.0,0.0,0.0,0.0,Corse Snoff,True,,,
5595_01,Earth,False,TRAPPIST-1e,30.0,False,0.0,1.0,0.0,870.0,0.0,Sonard Craftstens,False,F,1067.0,S
4680_02,Mars,True,TRAPPIST-1e,2.0,False,0.0,0.0,0.0,0.0,0.0,Watros Colte,True,F,952.0,P
2284_01,Mars,False,TRAPPIST-1e,18.0,False,262.0,302.0,1127.0,4225.0,0.0,Poloos Butte,False,F,463.0,P
3798_01,Europa,True,TRAPPIST-1e,67.0,False,0.0,0.0,0.0,0.0,0.0,Castra Exibuctich,True,E,253.0,S
4544_01,Earth,True,TRAPPIST-1e,34.0,False,0.0,0.0,0.0,0.0,0.0,Regana Pottney,True,G,743.0,P
2512_01,Europa,False,55 Cancri e,33.0,False,0.0,8759.0,0.0,2788.0,4513.0,Sabiton Parymider,False,C,91.0,S
2175_01,Earth,True,55 Cancri e,58.0,False,0.0,0.0,0.0,0.0,0.0,Gabria Callowery,True,G,348.0,S
3318_05,Europa,True,TRAPPIST-1e,36.0,False,0.0,0.0,0.0,0.0,0.0,Betenar Openduave,True,B,123.0,S
3662_01,Europa,False,55 Cancri e,22.0,False,,171.0,2233.0,1.0,800.0,Menkibi Poselfle,True,B,142.0,S
0498_01,Europa,True,55 Cancri e,27.0,False,0.0,,0.0,0.0,0.0,Batomam Preent,True,,,
7074_01,Earth,True,TRAPPIST-1e,1.0,False,0.0,0.0,0.0,0.0,0.0,Leria Denashipson,True,G,1162.0,S
0773_01,Earth,False,TRAPPIST-1e,30.0,False,558.0,4.0,0.0,175.0,0.0,Gwendy Beston,False,F,143.0,S
2309_01,Earth,True,PSO J318.5-22,5.0,False,0.0,0.0,0.0,0.0,0.0,Feryla Whitledges,False,G,371.0,P
0411_01,Earth,False,TRAPPIST-1e,16.0,False,691.0,0.0,101.0,140.0,0.0,Benny Rushorney,False,F,91.0,P
4850_01,Earth,False,TRAPPIST-1e,23.0,False,14.0,0.0,437.0,103.0,333.0,Tyrony Shieldson,True,G,792.0,S
5004_01,Europa,True,TRAPPIST-1e,27.0,False,0.0,0.0,0.0,0.0,0.0,Mediah Gloyanthy,True,B,165.0,P
4822_04,Mars,False,TRAPPIST-1e,0.0,False,0.0,0.0,0.0,0.0,0.0,,True,F,981.0,P
0542_01,Earth,False,TRAPPIST-1e,26.0,False,9.0,0.0,0.0,0.0,878.0,Landa Ments,False,G,84.0,P
6029_01,Earth,False,TRAPPIST-1e,25.0,False,0.0,30.0,20.0,0.0,941.0,Gwenda Balderts,False,E,396.0,S
2454_01,Earth,False,TRAPPIST-1e,19.0,False,0.0,0.0,0.0,157.0,644.0,Jeandy Monroellynn,False,F,510.0,P
0078_01,Europa,False,TRAPPIST-1e,38.0,False,0.0,5840.0,0.0,321.0,9654.0,Spuri Pokerheed,False,C,4.0,S
6787_06,Earth,False,55 Cancri e,0.0,False,0.0,0.0,0.0,0.0,0.0,Joelan Booneid,True,F,1411.0,P
3579_01,Earth,False,PSO J318.5-22,20.0,False,0.0,0.0,1.0,0.0,2260.0,Joycey Cartez,False,F,675.0,S
1786_01,Earth,False,TRAPPIST-1e,51.0,False,28.0,94.0,0.0,34.0,638.0,Violey Jacostaney,False,F,342.0,S
1121_01,Earth,False,PSO J318.5-22,55.0,,98.0,46.0,0.0,743.0,0.0,Lynez Burnerez,True,F,229.0,P
3428_02,Europa,False,TRAPPIST-1e,27.0,False,0.0,18481.0,0.0,2.0,3875.0,Terope Cumpting,True,C,113.0,P
6186_01,Mars,False,TRAPPIST-1e,19.0,True,61.0,783.0,110.0,0.0,0.0,Tot Ancy,True,E,396.0,P
1308_01,Europa,True,55 Cancri e,40.0,False,0.0,0.0,0.0,0.0,0.0,Diram Plegred,True,,,
4429_01,Mars,False,TRAPPIST-1e,16.0,False,546.0,90.0,23.0,513.0,0.0,Dynx Boyst,False,E,288.0,S
5292_01,Europa,False,TRAPPIST-1e,25.0,False,0.0,4313.0,0.0,175.0,60.0,Celavar Galoquid,True,C,206.0,S
3959_02,Earth,False,TRAPPIST-1e,28.0,False,653.0,0.0,0.0,0.0,20.0,Elanie Sullones,False,F,817.0,P
1892_02,Europa,False,TRAPPIST-1e,29.0,False,4.0,841.0,0.0,363.0,1107.0,Ashira Stpingepid,True,,,
4207_02,Europa,True,55 Cancri e,46.0,False,0.0,0.0,0.0,0.0,0.0,Astonon Perable,True,B,163.0,S
3019_01,Mars,False,TRAPPIST-1e,51.0,False,1644.0,0.0,234.0,157.0,64.0,Yakers Peake,False,E,187.0,P
4397_01,Earth,True,PSO J318.5-22,35.0,False,0.0,0.0,0.0,0.0,0.0,Meline Foledges,True,,,
1700_01,Europa,True,TRAPPIST-1e,17.0,False,0.0,0.0,0.0,0.0,0.0,Zavior Waring,True,B,74.0,S
6262_02,,False,TRAPPIST-1e,18.0,False,102.0,3.0,186.0,2287.0,0.0,Cops Pane,False,D,195.0,P
0213_01,Earth,False,TRAPPIST-1e,21.0,False,367.0,281.0,0.0,0.0,146.0,Carita Navages,False,F,46.0,P
6118_01,Mars,False,55 Cancri e,42.0,False,1156.0,0.0,1.0,305.0,0.0,Carde Pité,False,F,1266.0,P
4167_01,Earth,False,PSO J318.5-22,,,0.0,440.0,0.0,0.0,334.0,Ninaha Deckerson,False,,,
6321_03,Europa,True,55 Cancri e,,False,0.0,0.0,0.0,0.0,0.0,Marga Pusive,True,C,194.0,P
4251_01,Earth,False,TRAPPIST-1e,29.0,False,715.0,0.0,,698.0,106.0,Dorice Connelson,False,F,879.0,P
5882_01,Earth,False,TRAPPIST-1e,17.0,False,18.0,10.0,73.0,0.0,1049.0,Celis Morez,False,F,1214.0,P
5814_05,Mars,True,TRAPPIST-1e,54.0,False,0.0,0.0,0.0,0.0,0.0,Caper Bine,True,D,176.0,S
0933_01,Europa,False,TRAPPIST-1e,30.0,False,14.0,12045.0,0.0,2121.0,0.0,,True,C,35.0,P
4878_01,Mars,False,TRAPPIST-1e,36.0,False,108.0,0.0,941.0,861.0,0.0,Cine Gene,False,F,929.0,S
3888_01,Earth,False,,0.0,False,0.0,0.0,0.0,0.0,0.0,,True,G,633.0,S
6744_01,Mars,False,TRAPPIST-1e,21.0,False,1244.0,0.0,1119.0,0.0,3.0,Blakes Nan,False,F,1399.0,P
1771_01,Earth,False,TRAPPIST-1e,35.0,False,0.0,338.0,436.0,,0.0,Antone Cardner,True,G,291.0,P
5825_01,Europa,False,TRAPPIST-1e,43.0,False,0.0,8808.0,0.0,580.0,0.0,Betenar Apenelexy,True,B,198.0,P
2944_01,Earth,False,TRAPPIST-1e,51.0,False,214.0,3.0,16.0,569.0,0.0,Min Nichoan,False,F,559.0,S
3922_01,Earth,True,PSO J318.5-22,33.0,False,0.0,0.0,0.0,0.0,0.0,Melica Bardsey,True,G,641.0,P
3283_03,Earth,False,TRAPPIST-1e,21.0,False,0.0,0.0,0.0,646.0,138.0,Byront Strongers,False,G,521.0,S
1738_02,Earth,True,55 Cancri e,22.0,False,0.0,0.0,0.0,0.0,0.0,Wenny Sawyerson,True,G,268.0,S
0186_01,Earth,False,TRAPPIST-1e,25.0,False,62.0,0.0,0.0,0.0,956.0,Camiet Shephendry,False,G,28.0,P
6739_01,Earth,False,TRAPPIST-1e,44.0,False,0.0,714.0,174.0,0.0,0.0,Ninaha Stantiagord,True,G,1097.0,S
1077_01,Earth,,TRAPPIST-1e,37.0,False,0.0,113.0,0.0,283.0,455.0,Dorene Bardinard,False,G,162.0,P
7240_01,Mars,False,TRAPPIST-1e,39.0,False,197.0,0.0,2401.0,0.0,0.0,Oaters Kad,True,F,1392.0,S
1395_01,Earth,False,TRAPPIST-1e,7.0,False,0.0,0.0,0.0,0.0,0.0,Willah Fryes,True,G,214.0,S
0599_02,Mars,False,TRAPPIST-1e,4.0,False,0.0,,0.0,0.0,0.0,Bases Crité,True,F,124.0,P
7353_02,Europa,True,TRAPPIST-1e,46.0,False,0.0,0.0,0.0,0.0,0.0,Sularon Openduave,True,C,269.0,S
6525_02,Earth,True,PSO J318.5-22,32.0,False,0.0,0.0,0.0,0.0,0.0,Mistie Cardners,True,G,1061.0,S
3954_01,Earth,True,TRAPPIST-1e,45.0,False,0.0,0.0,0.0,0.0,0.0,Arlen Blacks,False,G,647.0,S
7322_01,Earth,False,TRAPPIST-1e,63.0,,0.0,0.0,424.0,0.0,2027.0,Tera Gardsondez,False,F,1408.0,S
4738_02,Mars,False,TRAPPIST-1e,29.0,False,574.0,0.0,4940.0,1831.0,2.0,Hocks Pread,False,F,893.0,S
3442_01,Earth,False,TRAPPIST-1e,37.0,False,503.0,0.0,26.0,0.0,116.0,Sanney Hornettoney,False,F,708.0,P
1117_01,Earth,False,TRAPPIST-1e,18.0,False,855.0,0.0,51.0,0.0,0.0,Jimen Andackson,False,E,63.0,P
4043_01,Earth,False,TRAPPIST-1e,,False,0.0,0.0,0.0,32.0,1577.0,Marvey Mirandry,False,E,248.0,P
5395_01,Mars,False,TRAPPIST-1e,28.0,False,4.0,0.0,2574.0,0.0,0.0,Fruik Traie,True,D,173.0,P
1739_01,Earth,True,PSO J318.5-22,20.0,False,0.0,0.0,0.0,0.0,0.0,Wine Jarvey,True,G,269.0,S
0196_01,Mars,False,PSO J318.5-22,25.0,False,1052.0,0.0,719.0,0.0,7.0,Caper Emead,False,D,5.0,P
6970_01,Mars,False,TRAPPIST-1e,65.0,,3358.0,1.0,12.0,0.0,0.0,Ret Gin,False,,,
5175_01,Earth,False,TRAPPIST-1e,21.0,False,582.0,0.0,0.0,148.0,53.0,Andice Maystuarey,False,G,834.0,P
2409_02,Earth,True,TRAPPIST-1e,22.0,False,0.0,0.0,0.0,0.0,0.0,Eulahy Pottonalden,True,G,390.0,P
6950_02,Europa,True,55 Cancri e,15.0,False,0.0,0.0,0.0,0.0,0.0,Medib Pringry,True,B,265.0,S
4508_02,Mars,False,TRAPPIST-1e,21.0,False,572.0,584.0,128.0,14.0,0.0,Eet Pepie,False,E,283.0,P
3038_01,Mars,False,TRAPPIST-1e,35.0,,1228.0,0.0,0.0,0.0,0.0,Cink Porté,False,F,576.0,S
1485_01,Mars,True,TRAPPIST-1e,38.0,False,0.0,0.0,0.0,0.0,0.0,Hones Man,True,F,291.0,P
2756_01,Mars,False,55 Cancri e,23.0,False,253.0,0.0,0.0,888.0,0.0,Guink Corte,False,F,572.0,P
0172_01,Earth,True,TRAPPIST-1e,32.0,False,0.0,0.0,0.0,0.0,0.0,Hanna Johnshines,True,G,24.0,P
2478_01,Earth,True,TRAPPIST-1e,52.0,False,0.0,0.0,0.0,0.0,0.0,Analdy Bardina,False,G,404.0,P
5698_02,Earth,False,TRAPPIST-1e,26.0,False,178.0,0.0,3.0,0.0,704.0,,True,G,923.0,S
2357_01,Earth,False,TRAPPIST-1e,20.0,False,0.0,409.0,994.0,215.0,0.0,Vandy Whitez,False,E,139.0,P
3771_01,Europa,False,TRAPPIST-1e,28.0,False,80.0,828.0,0.0,4494.0,4269.0,Mesarid Pinoffent,False,B,120.0,P
6742_01,Earth,False,TRAPPIST-1e,33.0,False,1288.0,2.0,0.0,0.0,1.0,Elanie Talls,True,F,1287.0,S
3126_02,Europa,False,TRAPPIST-1e,36.0,False,0.0,0.0,0.0,0.0,0.0,Okulas Foraud,True,B,116.0,S
4144_01,Earth,False,TRAPPIST-1e,36.0,False,19.0,476.0,0.0,5.0,290.0,Edgary Guerson,False,E,259.0,P
2996_01,Earth,False,55 Cancri e,31.0,False,0.0,611.0,2.0,4.0,22.0,,False,F,626.0,P
6898_01,Europa,False,55 Cancri e,27.0,False,146.0,3786.0,490.0,0.0,18.0,Gemmark Bootious,True,,,
2901_01,Earth,False,TRAPPIST-1e,16.0,False,0.0,20.0,0.0,300.0,681.0,Jeanna Vandez,False,F,601.0,P
5528_01,Earth,False,TRAPPIST-1e,18.0,False,0.0,288.0,35.0,0.0,435.0,Hanna Peckerson,False,F,1143.0,P
2899_01,Mars,False,TRAPPIST-1e,28.0,False,523.0,0.0,0.0,970.0,0.0,Monch Buth,False,F,600.0,P
5246_02,Earth,False,TRAPPIST-1e,,False,0.0,13.0,643.0,47.0,0.0,Jodia Drakeekss,True,F,1070.0,P
2489_01,Europa,True,TRAPPIST-1e,27.0,False,0.0,0.0,0.0,0.0,0.0,Alraida Purellliss,True,B,72.0,P
3490_02,Europa,False,55 Cancri e,19.0,False,0.0,1347.0,0.0,1756.0,37.0,Shain Sprender,True,D,111.0,P
4426_01,Mars,True,TRAPPIST-1e,30.0,False,0.0,0.0,0.0,0.0,0.0,Hinnan Fonie,True,F,835.0,S
2215_01,Europa,False,55 Cancri e,41.0,True,0.0,29813.0,0.0,1257.0,6.0,Pulchib Quidedbolt,True,A,27.0,S
0715_01,Europa,,55 Cancri e,54.0,False,0.0,0.0,0.0,0.0,0.0,Izarfik Unconary,True,,,
5142_02,Mars,False,TRAPPIST-1e,20.0,False,859.0,3.0,0.0,939.0,0.0,Bler Cre,False,F,1050.0,P
5900_01,Mars,True,TRAPPIST-1e,62.0,False,0.0,,0.0,0.0,0.0,Forms Nutca,True,F,1220.0,P
5876_03,Mars,True,TRAPPIST-1e,22.0,False,0.0,0.0,0.0,0.0,0.0,Wal Cone,True,F,1213.0,P
3686_01,Earth,False,TRAPPIST-1e,24.0,False,25.0,284.0,0.0,330.0,64.0,Meremy Hineyley,False,F,696.0,S
5839_01,Europa,True,TRAPPIST-1e,27.0,False,0.0,0.0,0.0,0.0,0.0,Ranopus Unloweedic,True,C,219.0,S
0014_01,Mars,False,55 Cancri e,27.0,False,1286.0,122.0,,0.0,0.0,Flats Eccle,False,F,3.0,P
3926_01,Earth,False,TRAPPIST-1e,18.0,False,716.0,,0.0,0.0,0.0,Wine Fowlesterez,False,F,810.0,P
6036_01,Europa,False,TRAPPIST-1e,44.0,False,0.0,1289.0,1224.0,514.0,1674.0,Achah Stpingepid,True,C,225.0,S
3030_02,Europa,True,TRAPPIST-1e,22.0,False,0.0,0.0,0.0,0.0,0.0,Wezena Alaring,True,B,97.0,P
0680_03,Earth,True,TRAPPIST-1e,5.0,,0.0,0.0,0.0,0.0,0.0,Joandy Camerrison,False,G,105.0,P
5573_01,Earth,False,55 Cancri e,18.0,False,749.0,0.0,74.0,0.0,0.0,Mariel Gilleranks,False,F,1154.0,P
3262_01,Earth,False,TRAPPIST-1e,32.0,False,0.0,632.0,0.0,0.0,0.0,Jodia Pottmanley,False,F,681.0,P
5714_01,Earth,False,TRAPPIST-1e,4.0,False,0.0,0.0,0.0,0.0,0.0,Katen Farleyatton,False,G,916.0,P
5014_01,,False,TRAPPIST-1e,26.0,False,1331.0,0.0,973.0,484.0,0.0,Quan Porté,False,D,162.0,P
7218_01,Europa,False,,53.0,False,0.0,0.0,0.0,0.0,0.0,Bosoneb Urablele,True,B,271.0,S
5154_01,Mars,False,TRAPPIST-1e,34.0,True,38.0,0.0,606.0,0.0,404.0,Sunch Buche,False,E,321.0,P
3584_01,Earth,False,TRAPPIST-1e,55.0,False,42.0,4.0,1215.0,0.0,3.0,Gayla Leonzaley,True,F,676.0,S
4218_02,Mars,False,TRAPPIST-1e,30.0,False,176.0,0.0,2310.0,0.0,,Relix Tert,True,F,867.0,P
0789_02,Europa,False,TRAPPIST-1e,30.0,False,0.0,142.0,870.0,89.0,3497.0,Auvan Frolestty,False,A,8.0,S
5575_02,Mars,True,TRAPPIST-1e,34.0,False,0.0,0.0,0.0,0.0,0.0,Heers Nacke,True,F,1156.0,P
3959_03,Earth,True,55 Cancri e,0.0,False,0.0,0.0,0.0,0.0,0.0,Maya Sullones,True,G,646.0,P
6341_01,Mars,False,55 Cancri e,39.0,False,1884.0,0.0,1435.0,5.0,469.0,Colf Cre,False,D,191.0,S
6692_01,Europa,True,55 Cancri e,26.0,False,0.0,0.0,0.0,0.0,0.0,Sino Syncepul,True,B,256.0,S
7205_01,Mars,False,TRAPPIST-1e,,False,1030.0,0.0,158.0,0.0,28.0,Chees Flake,False,F,1386.0,S
4053_01,Earth,True,TRAPPIST-1e,22.0,False,0.0,0.0,0.0,0.0,0.0,Leondy Midtt,True,G,668.0,S
2839_01,Europa,False,TRAPPIST-1e,51.0,False,1.0,3935.0,0.0,146.0,0.0,Achib Heedry,True,C,107.0,S
2423_01,Earth,True,TRAPPIST-1e,20.0,False,0.0,0.0,0.0,0.0,0.0,Bonya Boltond,False,G,395.0,P
4106_01,Earth,False,TRAPPIST-1e,43.0,False,0.0,831.0,78.0,0.0,0.0,Leneva Harmond,True,G,675.0,S
1935_01,Earth,True,55 Cancri e,18.0,False,0.0,0.0,0.0,0.0,0.0,Sharie Gallenry,False,G,307.0,S
5378_01,Europa,False,TRAPPIST-1e,30.0,False,0.0,95.0,0.0,1202.0,5558.0,Cellum Alenter,False,C,173.0,P
3054_01,Earth,False,TRAPPIST-1e,13.0,False,578.0,77.0,0.0,306.0,5.0,Celis Bootez,False,F,579.0,S
3219_01,Mars,True,TRAPPIST-1e,39.0,False,0.0,0.0,0.0,0.0,0.0,Vuls Paska,False,E,214.0,S
3439_02,Europa,,TRAPPIST-1e,17.0,False,0.0,0.0,0.0,0.0,0.0,Alrais Modent,True,B,130.0,S
1511_01,Europa,False,TRAPPIST-1e,40.0,False,1006.0,,0.0,284.0,329.0,Ancham Spandisket,True,B,63.0,S
2110_01,Earth,True,TRAPPIST-1e,18.0,False,0.0,0.0,0.0,0.0,0.0,Ernice Joynewtonks,False,G,339.0,P
2443_01,,False,TRAPPIST-1e,31.0,False,1458.0,421.0,76.0,0.0,0.0,,False,D,72.0,P
4945_01,Earth,True,PSO J318.5-22,27.0,False,0.0,0.0,0.0,0.0,0.0,Eline Bartins,True,G,798.0,P
1027_02,Mars,False,TRAPPIST-1e,46.0,False,1454.0,0.0,81.0,38.0,0.0,Anamse Dal,False,F,211.0,P
3271_02,Earth,False,55 Cancri e,8.0,False,0.0,0.0,0.0,0.0,0.0,Alley Micknightt,True,G,532.0,P
2697_01,Mars,False,TRAPPIST-1e,27.0,,1893.0,487.0,4.0,0.0,0.0,Pank Pimne,False,D,91.0,S
1154_03,Europa,True,55 Cancri e,26.0,False,0.0,0.0,0.0,0.0,0.0,Cella Ingascomet,True,B,43.0,P
5489_02,Earth,True,TRAPPIST-1e,1.0,False,0.0,0.0,0.0,0.0,0.0,Benew Welles,False,G,881.0,P
6816_04,Earth,False,TRAPPIST-1e,10.0,False,0.0,0.0,0.0,0.0,0.0,Troyce Ewiseston,True,G,1108.0,P
5478_01,Mars,False,TRAPPIST-1e,29.0,False,518.0,0.0,10.0,1245.0,0.0,Hocorz Prity,False,F,1048.0,S
5687_01,Earth,False,TRAPPIST-1e,15.0,False,348.0,1627.0,0.0,0.0,0.0,Erie Mccarry,False,F,1179.0,P
2416_01,Earth,False,TRAPPIST-1e,43.0,False,9.0,0.0,1079.0,0.0,729.0,Lesley Nolds,False,G,391.0,S
0020_04,Earth,False,TRAPPIST-1e,10.0,False,0.0,0.0,0.0,0.0,0.0,Breney Jacostanley,True,E,0.0,S
1100_02,Mars,False,TRAPPIST-1e,5.0,False,,0.0,0.0,0.0,0.0,Jel Cuche,True,F,226.0,P
5427_01,,True,TRAPPIST-1e,18.0,False,0.0,0.0,0.0,0.0,0.0,Frohs Stie,True,F,1118.0,P
4130_01,Mars,True,TRAPPIST-1e,19.0,False,0.0,0.0,0.0,0.0,0.0,Forms Merte,True,,,
